respondent_id,age_band,gender,residential_status,region,lives_in_india,area_type,education,employment,income_band,financial_situation,owns_vehicle,vehicle_age,monthly_distance,familiarity,opinion,suitable_for_area,policy_awareness,recommend,purchase_intent,charging_time,pay_extra_fast_charging,owns_car_petrol,owns_car_diesel,owns_car_electric,owns_2w_petrol,owns_2w_diesel,owns_2w_electric,heard_social_media,heard_friends_family,heard_advertising,heard_news,heard_dealers_expos,heard_education,heard_government,benefit_lower_running_cost,benefit_less_pollution,benefit_smooth_drive,benefit_subsidies,benefit_lower_maintenance,benefit_modern_image,benefit_none_not_sure,concern_charging_infra,concern_upfront_cost,concern_battery_cost,concern_range,concern_charging_time,concern_resale_value,concern_safety,concern_performance,concern_none_not_sure,motivator_better_charging,motivator_environment,motivator_lower_price,motivator_faster_charging,motivator_fuel_prices,motivator_incentives,motivator_peers,charge_at_home,charge_at_work,charge_at_public,charge_at_malls_highways,charge_at_anywhere
R001,18–24,Female,Foreign national,Suppressed,1,Metro city,Postgraduate or doctoral,Suppressed,<20k,Stable,No,5 - 10 years,not applicable,Somewhat familiar,Somewhat positive,Maybe - depends on infrastructure,"No, not aware",Not likely,Not sure,Less than 30 minutes,Depends on how much extra,0,0,0,0,0,0,1,1,1,1,0,1,0,1,1,1,0,0,0,0,1,0,1,1,1,1,1,1,0,1,0,0,1,0,1,1,0,0,0,0,1
R002,Suppressed,Female,NRI,Suppressed,0,Metro city,Undergraduate,Suppressed,Prefer not to say,Stable,Yes,Less than 2 years,Less than 200 Km,Somewhat familiar,Somewhat positive,"Yes, definitely",Aware to some extent,Not likely,Unlikely,Less than 30 minutes,Depends on how much extra,1,0,0,0,0,0,1,1,1,1,1,1,1,1,1,1,0,1,1,0,1,1,1,1,1,1,1,1,0,0,0,0,1,0,0,0,1,0,1,0,0
R003,45–54,Female,NRI,Gulf,0,Metro city,Postgraduate or doctoral,Homemaker,<20k,Comfortable,Yes,More than 10 years,200 - 500 Km,Somewhat familiar,Somewhat positive,"Yes, definitely","No, not aware",Not likely,Not sure,Less than 30 minutes,No,1,0,0,0,0,0,1,0,0,0,0,0,0,0,1,0,0,0,0,0,0,0,0,0,0,0,1,0,0,1,1,1,0,0,0,0,0,0,1,0,0
R004,45–54,Female,Indian resident,Kerala,1,Urban (non-metro city or town),Postgraduate or doctoral,Employed,<20k,Managing,Yes,5 - 10 years,Less than 200 Km,Somewhat familiar,Somewhat positive,Maybe - depends on infrastructure,"No, not aware",Somewhat likely,Not sure,Overnight ( 6 - 8 hours),Depends on how much extra,1,0,0,0,0,0,0,1,0,0,0,0,0,0,1,0,0,0,0,0,1,0,0,0,0,0,0,0,0,1,1,0,1,0,0,0,0,0,1,0,0
R005,18–24,Male,Indian resident,Tamil Nadu,1,Metro city,Postgraduate or doctoral,Employed,20k–50k,Stable,Yes,5 - 10 years,Less than 200 Km,Very familiar,Very positive,"Yes, definitely","Yes, well aware",Somewhat likely,Somewhat likely,30 minutes - 1 hour,Depends on how much extra,0,1,0,1,0,0,1,0,1,1,1,0,0,1,1,0,1,0,0,0,1,0,1,0,1,0,1,0,0,1,1,1,0,0,1,0,0,0,0,0,1
R006,45–54,Female,NRI,Gulf,0,Metro city,Postgraduate or doctoral,Homemaker,Prefer not to say,Comfortable,Yes,2 - 5 years,500 - 1000 Km,Heard of them,Very positive,Maybe - depends on infrastructure,Aware to some extent,Somewhat likely,Not sure,30 minutes - 1 hour,Depends on how much extra,1,0,0,0,0,0,1,0,0,0,0,0,0,1,0,0,0,0,0,0,0,0,0,0,0,0,0,0,1,1,0,0,0,0,0,0,0,0,1,0,0
R007,55+,Female,Indian resident,Suppressed,1,Metro city,Postgraduate or doctoral,Suppressed,1L–2L,Stable,No,not applicable,not applicable,Not familiar at all,Very positive,Maybe - depends on infrastructure,"No, not aware",Somewhat likely,Not sure,30 minutes - 1 hour,Depends on how much extra,0,0,0,0,0,0,0,1,0,0,0,0,0,0,1,0,0,0,0,0,1,0,1,0,0,1,0,0,0,1,1,1,1,0,0,0,0,0,0,0,1
R008,25–34,Male,NRI,Gulf,0,Metro city,Undergraduate,Employed,Prefer not to say,Comfortable,Yes,2 - 5 years,Less than 200 Km,Somewhat familiar,Neutral,Maybe - depends on infrastructure,Have heard of them but unsure of details,Not likely,Unlikely,Less than 30 minutes,Depends on how much extra,1,0,0,0,0,0,0,0,1,0,0,0,0,0,0,0,0,0,0,1,1,0,1,0,1,0,1,0,0,1,0,0,1,0,0,0,0,0,0,0,1
R009,18–24,Male,Indian resident,Tamil Nadu,1,Urban (non-metro city or town),Undergraduate,Employed,50k–1L,Stable,Yes,5 - 10 years,Less than 200 Km,Somewhat familiar,Somewhat positive,Maybe - depends on infrastructure,Have heard of them but unsure of details,Somewhat likely,Not sure,30 minutes - 1 hour,Depends on how much extra,0,0,0,1,0,0,1,0,1,1,1,0,1,1,0,0,1,0,0,0,1,0,1,1,1,1,0,0,0,1,0,1,1,0,0,0,1,1,0,0,0
R010,25–34,Male,Indian resident,Other Indian state,1,Metro city,Undergraduate,Employed,50k–1L,Managing,No,Less than 2 years,Less than 200 Km,Very familiar,Very positive,"No- not suitable due to roads, power supply, etc.",Have heard of them but unsure of details,Not likely,Somewhat likely,Less than 30 minutes,Depends on how much extra,0,0,0,1,0,0,0,0,1,0,0,0,0,1,0,0,0,0,0,0,0,1,0,0,0,0,0,0,0,0,0,1,0,0,0,0,1,0,0,0,0
R011,45–54,Female,NRI,Gulf,0,Metro city,Postgraduate or doctoral,Employed,20k–50k,Comfortable,No,5 - 10 years,Less than 200 Km,Somewhat familiar,Somewhat positive,"Yes, definitely","No, not aware",Very likely,Very likely,Doesn't matter,Depends on how much extra,1,0,0,0,0,0,1,1,0,0,0,0,0,1,1,1,0,0,0,0,1,0,0,1,0,1,0,0,0,1,1,0,0,1,0,0,1,0,1,0,0
R012,25–34,Female,Indian resident,Tamil Nadu,1,Metro city,Undergraduate,Employed,50k–1L,Stable,Yes,2 - 5 years,500 - 1000 Km,Heard of them,Neutral,"No- not suitable due to roads, power supply, etc.","No, not aware",Definitely not,Not sure,1- 2 hours,No,0,0,0,1,0,0,0,1,0,0,0,0,0,1,1,0,0,0,0,0,1,0,0,0,1,1,0,0,0,0,1,0,0,0,0,0,1,0,0,0,0
R013,35–44,Female,Indian resident,Kerala,1,Urban (non-metro city or town),Postgraduate or doctoral,Employed,50k–1L,Managing,Yes,2 - 5 years,200 - 500 Km,Somewhat familiar,Somewhat positive,"Yes, definitely","No, not aware",Very likely,Very likely,Less than 30 minutes,Yes,1,0,0,1,0,0,1,0,0,0,0,0,0,1,0,0,0,0,0,0,0,1,0,0,0,0,0,0,0,0,1,0,0,1,0,0,1,0,0,0,0
R014,35–44,Female,NRI,Gulf,0,Urban (non-metro city or town),Undergraduate,Employed,2L–5L,Stable,Yes,5 - 10 years,500 - 1000 Km,Very familiar,Somewhat positive,Maybe - depends on infrastructure,Have heard of them but unsure of details,Very likely,Very likely,1- 2 hours,Depends on how much extra,1,0,0,0,0,0,0,1,0,1,1,0,0,1,1,1,0,1,1,0,1,1,1,0,1,0,0,1,0,0,1,0,0,1,0,0,0,0,0,0,1
R015,25–34,Male,Indian resident,Kerala,1,Urban (non-metro city or town),Undergraduate,Employed,1L–2L,Stable,Yes,More than 10 years,200 - 500 Km,Somewhat familiar,Somewhat positive,"Yes, definitely",Aware to some extent,Somewhat likely,Somewhat likely,Less than 30 minutes,No,1,0,0,0,0,0,1,0,1,1,0,0,1,1,1,0,1,0,0,0,1,1,0,1,1,0,1,0,0,1,0,1,0,0,0,0,1,0,1,0,0
R016,18–24,Female,Indian resident,Suppressed,1,Semi-urban,Postgraduate or doctoral,Suppressed,Prefer not to say,Managing,Yes,Less than 2 years,not applicable,Very familiar,Somewhat positive,Maybe - depends on infrastructure,Aware to some extent,Not likely,Somewhat likely,Less than 30 minutes,Depends on how much extra,0,0,0,0,1,0,1,1,1,0,1,0,0,1,1,0,0,1,1,0,1,1,1,1,1,0,0,0,0,1,0,1,1,0,1,0,0,0,0,0,1
R017,45–54,Female,NRI,Gulf,0,Metro city,Undergraduate,Homemaker,Prefer not to say,Managing,No,not applicable,not applicable,Somewhat familiar,Very positive,"Yes, definitely","No, not aware",Very likely,Very likely,Overnight ( 6 - 8 hours),Depends on how much extra,0,0,0,0,0,0,0,1,0,0,0,0,0,0,1,0,0,0,0,0,1,0,0,0,1,0,0,0,0,0,1,0,0,0,0,0,0,0,0,0,1
R018,35–44,Female,Indian resident,Kerala,1,Urban (non-metro city or town),Postgraduate or doctoral,Employed,20k–50k,Managing,Yes,5 - 10 years,200 - 500 Km,Heard of them,Somewhat negative,Maybe - depends on infrastructure,Have heard of them but unsure of details,Not likely,Not sure,Doesn't matter,Not sure,1,0,0,1,0,0,1,0,1,0,0,0,0,1,1,1,0,0,0,0,1,1,1,1,1,1,1,0,0,0,0,0,0,1,0,0,1,0,0,0,0
R019,25–34,Male,Indian resident,Other Indian state,1,Metro city,Undergraduate,Employed,20k–50k,Stable,Yes,5 - 10 years,Less than 200 Km,Somewhat familiar,Very positive,"Yes, definitely",Have heard of them but unsure of details,Somewhat likely,Somewhat likely,30 minutes - 1 hour,Yes,1,0,0,1,0,0,1,0,1,0,0,0,0,1,1,1,0,0,0,0,1,0,0,0,0,0,1,0,0,0,0,0,0,1,0,0,1,1,1,1,1
R020,25–34,Male,Indian resident,Suppressed,1,Metro city,Postgraduate or doctoral,Suppressed,1L–2L,Stable,Yes,2 - 5 years,200 - 500 Km,Somewhat familiar,Somewhat positive,Maybe - depends on infrastructure,Aware to some extent,Somewhat likely,Somewhat likely,Less than 30 minutes,No,1,1,0,0,0,0,1,1,1,1,0,0,0,0,1,0,1,1,0,0,1,0,1,0,0,1,0,1,0,1,0,1,0,0,0,0,1,1,1,1,1
R021,18–24,Female,NRI,Other Indian state,1,Semi-urban,Undergraduate,Student,<20k,Managing,No,not applicable,not applicable,Very familiar,Somewhat positive,"No- not suitable due to roads, power supply, etc.","No, not aware",Not likely,Unlikely,1- 2 hours,Yes,0,0,0,0,0,0,1,1,1,1,1,1,1,1,1,0,0,0,0,0,1,0,1,0,1,1,0,0,0,1,0,1,0,0,0,1,1,0,1,0,0
R022,55+,Female,Indian resident,Gulf,0,Metro city,Postgraduate or doctoral,Not working,Prefer not to say,Comfortable,No,5 - 10 years,200 - 500 Km,Not familiar at all,Somewhat positive,"No- not suitable due to roads, power supply, etc.",Aware to some extent,Somewhat likely,Not sure,Doesn't matter,No,0,0,0,1,0,0,0,0,1,0,0,0,0,0,1,0,0,0,0,0,1,0,0,0,0,0,0,0,0,0,1,0,0,0,0,0,0,0,0,0,1
R023,35–44,Female,NRI,Suppressed,0,Metro city,Undergraduate,Suppressed,1L–2L,Managing,Yes,5 - 10 years,500 - 1000 Km,Somewhat familiar,Somewhat positive,"Yes, definitely",Have heard of them but unsure of details,Very likely,Somewhat likely,Less than 30 minutes,Depends on how much extra,1,1,0,0,0,0,0,1,0,0,0,0,0,1,1,1,1,0,0,0,1,0,0,1,1,0,0,0,0,0,1,0,0,0,1,0,0,0,0,0,1
R024,25–34,Male,Indian resident,Kerala,1,Rural,Postgraduate or doctoral,Employed,>5L,Managing,Yes,5 - 10 years,above 1000km,Somewhat familiar,Somewhat negative,"Yes, definitely","Yes, well aware",Not likely,Not sure,30 minutes - 1 hour,Depends on how much extra,1,0,0,1,0,0,1,0,0,0,0,0,0,1,1,1,0,0,0,0,0,1,1,0,0,0,0,0,0,0,1,0,0,0,0,0,0,0,0,0,1
R025,18–24,Female,Indian resident,Suppressed,1,Urban (non-metro city or town),Undergraduate,Suppressed,50k–1L,Managing,No,not applicable,not applicable,Somewhat familiar,Somewhat positive,Maybe - depends on infrastructure,"No, not aware",Somewhat likely,Somewhat likely,30 minutes - 1 hour,Depends on how much extra,0,0,0,0,0,0,1,0,0,0,0,0,0,1,1,0,0,0,1,0,1,1,1,0,0,0,1,0,0,0,0,0,0,1,0,0,0,0,1,0,0
R026,25–34,Female,Indian resident,Other Indian state,1,Semi-urban,Postgraduate or doctoral,Employed,Prefer not to say,Stable,No,not applicable,not applicable,Somewhat familiar,Somewhat negative,Maybe - depends on infrastructure,"No, not aware",Not likely,Not sure,1- 2 hours,No,0,0,0,0,0,0,0,1,0,0,0,0,0,1,1,0,0,0,0,0,0,0,0,0,1,0,1,0,0,0,1,0,0,0,0,0,1,0,0,0,0
R027,18–24,Male,Indian resident,Other Indian state,1,Semi-urban,Undergraduate,Employed,20k–50k,Comfortable,Yes,5 - 10 years,Less than 200 Km,Somewhat familiar,Neutral,Maybe - depends on infrastructure,"Yes, well aware",Not sure,Not sure,30 minutes - 1 hour,Yes,0,0,0,1,0,0,1,0,0,0,0,0,0,1,1,1,1,1,0,0,0,1,0,1,1,0,0,0,0,0,0,1,0,0,0,0,0,0,0,0,1
R028,45–54,Female,Indian resident,Kerala,1,Urban (non-metro city or town),Undergraduate,Employed,<20k,Struggling,No,not applicable,not applicable,Not familiar at all,Very positive,Maybe - depends on infrastructure,"No, not aware",Very likely,Not sure,Doesn't matter,No,0,0,0,0,0,0,0,1,0,0,0,0,0,1,1,1,0,0,0,0,1,1,1,0,0,0,1,0,0,0,1,0,0,0,0,0,1,0,1,1,0
R029,Suppressed,Male,NRI,Suppressed,0,Metro city,Undergraduate,Suppressed,1L–2L,Comfortable,Yes,2 - 5 years,500 - 1000 Km,Somewhat familiar,Somewhat negative,Maybe - depends on infrastructure,"No, not aware",Not likely,Unlikely,Less than 30 minutes,No,1,0,0,0,0,0,1,0,0,0,0,0,0,1,0,1,0,0,1,0,1,1,1,1,1,0,0,1,0,1,0,1,1,0,0,0,1,1,1,0,0
R030,25–34,Male,Indian resident,Other Indian state,1,Metro city,Postgraduate or doctoral,Employed,Prefer not to say,Managing,Yes,More than 10 years,200 - 500 Km,Somewhat familiar,Somewhat positive,"Yes, definitely","Yes, well aware",Somewhat likely,Somewhat likely,Less than 30 minutes,Yes,1,0,0,1,0,0,1,1,0,0,1,0,1,1,1,0,1,0,1,0,1,0,1,0,1,0,0,0,0,0,0,1,1,0,1,0,1,1,1,1,1
R031,18–24,Male,Foreign national,Suppressed,0,Metro city,Undergraduate,Suppressed,50k–1L,Managing,No,not applicable,not applicable,Very familiar,Somewhat negative,"Yes, definitely","Yes, well aware",Somewhat likely,Unlikely,1- 2 hours,No,0,0,0,0,0,0,1,0,0,1,0,0,0,1,0,1,1,0,0,0,1,1,1,1,0,1,0,0,0,1,1,1,1,0,1,0,1,1,0,1,0
R032,35–44,Female,Indian resident,Kerala,1,Semi-urban,Postgraduate or doctoral,Homemaker,Prefer not to say,Comfortable,No,not applicable,500 - 1000 Km,Somewhat familiar,Somewhat positive,Maybe - depends on infrastructure,Have heard of them but unsure of details,Not sure,Not sure,1- 2 hours,Depends on how much extra,1,0,0,1,0,0,0,1,0,0,0,0,0,0,0,1,0,0,0,0,0,0,1,1,0,1,1,0,0,1,0,0,0,0,0,0,1,0,1,1,0
R033,18–24,Female,Indian resident,Suppressed,1,Urban (non-metro city or town),Undergraduate,Suppressed,Prefer not to say,Struggling,No,not applicable,not applicable,Heard of them,Neutral,"Yes, definitely",Aware to some extent,Not likely,Not sure,Less than 30 minutes,Depends on how much extra,0,0,0,0,0,0,1,0,0,0,0,1,0,1,1,1,0,0,0,0,0,0,0,1,0,0,1,1,0,0,1,1,0,0,0,0,1,0,0,0,0
R034,35–44,Female,Indian resident,Kerala,1,Urban (non-metro city or town),Postgraduate or doctoral,Employed,Prefer not to say,Stable,Yes,5 - 10 years,Less than 200 Km,Somewhat familiar,Very positive,Maybe - depends on infrastructure,Have heard of them but unsure of details,Somewhat likely,Somewhat likely,1- 2 hours,Yes,1,0,0,1,0,0,1,0,1,0,0,0,0,1,1,0,0,0,0,0,1,0,1,1,0,0,0,0,0,1,0,1,0,0,1,0,1,0,0,0,0
R035,35–44,Female,Indian resident,Kerala,1,Urban (non-metro city or town),Undergraduate,Employed,20k–50k,Comfortable,Yes,2 - 5 years,Less than 200 Km,Heard of them,Very positive,Maybe - depends on infrastructure,Aware to some extent,Very likely,Very likely,Overnight ( 6 - 8 hours),No,1,0,0,1,0,0,0,1,0,0,0,0,0,0,1,0,0,0,0,0,1,0,1,1,0,0,0,0,0,1,1,0,1,0,0,1,1,0,1,1,0
R036,45–54,Male,Indian resident,Kerala,1,Urban (non-metro city or town),Postgraduate or doctoral,Employed,1L–2L,Managing,Yes,Less than 2 years,above 1000km,Very familiar,Somewhat positive,"Yes, definitely","Yes, well aware",Very likely,Not sure,30 minutes - 1 hour,Depends on how much extra,1,0,1,0,0,0,1,0,0,0,1,0,0,1,0,0,0,1,0,0,1,1,1,1,1,1,0,0,0,0,0,0,1,1,0,0,1,0,0,0,0
R037,55+,Female,Indian resident,Kerala,1,Rural,Undergraduate,Homemaker,Prefer not to say,Managing,Yes,More than 10 years,500 - 1000 Km,Somewhat familiar,Somewhat positive,Maybe - depends on infrastructure,Have heard of them but unsure of details,Somewhat likely,Not sure,30 minutes - 1 hour,Depends on how much extra,1,0,0,1,0,0,1,0,0,0,0,0,0,0,1,1,0,0,0,0,0,1,0,0,0,0,0,0,0,0,1,0,0,1,0,0,0,0,1,0,0
R038,35–44,Female,Indian resident,Kerala,1,Urban (non-metro city or town),Postgraduate or doctoral,Employed,Prefer not to say,Stable,No,2 - 5 years,not applicable,Somewhat familiar,Somewhat negative,Maybe - depends on infrastructure,"No, not aware",Not sure,Very likely,1- 2 hours,Yes,0,0,0,0,0,0,1,0,1,1,0,0,0,1,1,1,1,1,1,0,0,0,1,0,0,0,1,0,0,0,1,0,0,1,1,0,1,1,1,1,0
R039,25–34,Male,NRI,Gulf,0,Metro city,Undergraduate,Employed,2L–5L,Stable,Yes,5 - 10 years,500 - 1000 Km,Somewhat familiar,Very positive,"Yes, definitely",Aware to some extent,Very likely,Very likely,Less than 30 minutes,Yes,1,0,0,0,0,0,1,1,1,0,0,0,0,1,1,1,1,1,1,0,1,1,1,0,1,0,0,0,0,1,1,1,1,0,1,0,1,0,1,1,0
R040,18–24,Female,NRI,Gulf,0,Metro city,Undergraduate,Student,<20k,Stable,No,not applicable,not applicable,Heard of them,Neutral,"No- not suitable due to roads, power supply, etc.","No, not aware",Not likely,Not sure,Less than 30 minutes,Depends on how much extra,0,0,0,0,0,0,1,0,0,0,0,0,0,1,1,0,0,0,0,0,1,0,1,0,0,0,0,1,0,0,0,0,0,1,0,0,0,1,0,0,0
R041,35–44,Female,NRI,Gulf,0,Metro city,Postgraduate or doctoral,Homemaker,Prefer not to say,Comfortable,Yes,Less than 2 years,500 - 1000 Km,Heard of them,Very positive,"Yes, definitely",Aware to some extent,Somewhat likely,Somewhat likely,1- 2 hours,Depends on how much extra,0,0,0,1,0,0,0,1,0,0,0,0,0,0,0,1,0,0,0,0,0,0,0,0,0,0,1,0,0,1,0,0,0,0,0,0,1,0,0,0,0
R042,45–54,Female,NRI,Gulf,0,Metro city,Undergraduate,Employed,2L–5L,Comfortable,Yes,5 - 10 years,500 - 1000 Km,Very familiar,Very positive,Maybe - depends on infrastructure,Aware to some extent,Very likely,Very likely,Less than 30 minutes,Yes,0,1,0,0,0,0,0,0,0,0,1,0,0,1,1,0,0,0,0,0,1,0,0,0,0,0,0,0,0,1,0,0,0,0,0,0,0,0,1,0,0
R043,55+,Female,Indian resident,Kerala,1,Urban (non-metro city or town),Undergraduate,Homemaker,Prefer not to say,Stable,No,not applicable,not applicable,Heard of them,Very positive,Maybe - depends on infrastructure,Have heard of them but unsure of details,Somewhat likely,Somewhat likely,30 minutes - 1 hour,No,0,0,0,0,0,0,1,0,0,0,0,0,0,0,1,1,0,0,0,0,1,1,1,0,0,1,0,0,0,1,0,1,1,0,1,0,1,0,0,0,0
R044,Suppressed,Male,Indian resident,Suppressed,1,Urban (non-metro city or town),School or diploma,Suppressed,<20k,Comfortable,Yes,More than 10 years,500 - 1000 Km,Very familiar,Very positive,Maybe - depends on infrastructure,"Yes, well aware",Very likely,Very likely,Less than 30 minutes,Not sure,0,0,0,1,0,0,0,0,0,1,0,0,0,1,0,0,0,0,0,0,0,1,0,0,0,0,0,0,0,0,0,1,0,0,0,0,0,0,1,0,0
R045,55+,Male,Indian resident,Kerala,1,Semi-urban,Undergraduate,Not working,50k–1L,Stable,Yes,5 - 10 years,500 - 1000 Km,Somewhat familiar,Somewhat positive,"Yes, definitely","Yes, well aware",Very likely,Very likely,30 minutes - 1 hour,Yes,1,1,0,0,0,0,0,0,1,0,0,0,0,0,1,1,1,1,0,0,1,1,1,0,1,0,0,0,0,0,1,0,0,1,1,0,1,1,1,1,1
R046,Suppressed,Female,NRI,Suppressed,0,Metro city,Postgraduate or doctoral,Suppressed,Prefer not to say,Stable,Yes,Less than 2 years,200 - 500 Km,Very familiar,Very positive,"Yes, definitely","Yes, well aware",Very likely,Somewhat likely,1- 2 hours,Depends on how much extra,1,0,0,0,0,0,1,0,0,0,0,0,0,1,1,1,1,0,1,0,0,1,0,0,0,1,1,0,0,1,0,1,0,0,0,0,1,1,0,1,0
R047,55+,Male,Indian resident,Kerala,1,Urban (non-metro city or town),Postgraduate or doctoral,Not working,1L–2L,Stable,Yes,5 - 10 years,500 - 1000 Km,Somewhat familiar,Somewhat positive,Maybe - depends on infrastructure,Aware to some extent,Somewhat likely,Somewhat likely,30 minutes - 1 hour,Yes,1,0,0,0,0,0,0,0,0,1,0,0,0,1,1,1,1,1,1,0,0,1,0,1,0,1,0,1,0,1,1,1,1,1,1,0,1,0,1,1,0
R048,18–24,Male,Indian resident,Tamil Nadu,1,Rural,Undergraduate,Employed,50k–1L,Managing,Yes,More than 10 years,Less than 200 Km,Very familiar,Somewhat positive,"No- not suitable due to roads, power supply, etc.",Aware to some extent,Not likely,Unlikely,30 minutes - 1 hour,No,0,0,0,1,0,0,1,0,0,1,0,0,0,1,0,1,0,0,0,0,1,1,1,0,0,0,0,0,0,1,0,1,0,0,0,0,1,0,1,0,0
R049,18–24,Female,Indian resident,Other Indian state,1,Urban (non-metro city or town),School or diploma,Student,<20k,Comfortable,No,not applicable,not applicable,Heard of them,Very positive,"Yes, definitely",Have heard of them but unsure of details,Very likely,Very likely,Less than 30 minutes,Depends on how much extra,0,0,0,0,0,0,1,0,0,0,0,0,0,1,1,0,0,1,0,0,0,1,1,0,1,0,0,0,0,0,0,1,1,0,1,0,1,0,1,0,0
R050,25–34,Female,Indian resident,Other Indian state,1,Metro city,Postgraduate or doctoral,Employed,>5L,Struggling,No,More than 10 years,500 - 1000 Km,Very familiar,Somewhat positive,"No- not suitable due to roads, power supply, etc.",Have heard of them but unsure of details,Definitely not,Definitely not,1- 2 hours,No,1,0,0,0,0,0,0,0,0,1,0,0,0,0,0,1,0,0,0,0,0,0,1,0,0,0,0,0,0,1,0,0,0,0,0,0,0,0,1,0,0
R051,18–24,Female,NRI,Gulf,0,Metro city,School or diploma,Student,Prefer not to say,Comfortable,No,not applicable,not applicable,Somewhat familiar,Somewhat positive,Maybe - depends on infrastructure,"No, not aware",Somewhat likely,Not sure,Less than 30 minutes,Depends on how much extra,0,0,0,0,0,0,1,0,1,0,0,0,0,1,1,1,0,0,0,0,0,1,1,0,1,0,1,0,0,0,0,0,1,0,0,0,0,0,0,0,1
R052,55+,Female,Indian resident,Gulf,0,Metro city,Postgraduate or doctoral,Not working,50k–1L,Stable,No,not applicable,not applicable,Not familiar at all,Neutral,Not sure,"No, not aware",Not sure,Definitely not,Overnight ( 6 - 8 hours),No,0,0,0,0,0,0,1,0,0,0,0,0,0,0,0,0,0,0,0,1,0,0,0,0,0,0,0,0,1,0,1,0,0,0,0,0,1,0,0,0,0
R053,25–34,Male,Indian resident,Other Indian state,1,Metro city,Postgraduate or doctoral,Employed,50k–1L,Comfortable,Yes,2 - 5 years,500 - 1000 Km,Very familiar,Neutral,Maybe - depends on infrastructure,Aware to some extent,Not likely,Unlikely,Less than 30 minutes,Yes,1,0,0,1,0,0,1,0,1,1,1,0,0,1,1,0,0,0,0,0,1,1,1,1,1,1,1,1,0,1,1,1,1,1,0,0,1,1,1,1,0
R054,25–34,Female,NRI,Other abroad,0,Urban (non-metro city or town),Postgraduate or doctoral,Suppressed,Prefer not to say,Stable,No,not applicable,not applicable,Somewhat familiar,Very positive,"Yes, definitely","No, not aware",Somewhat likely,Somewhat likely,Less than 30 minutes,Depends on how much extra,0,0,0,0,0,0,1,0,0,0,0,0,0,1,1,0,0,1,0,0,1,1,1,0,1,1,0,0,0,1,0,1,1,0,1,0,1,1,1,0,0
R055,18–24,Female,Indian resident,Suppressed,1,Metro city,School or diploma,Suppressed,Prefer not to say,Stable,Yes,2 - 5 years,Less than 200 Km,Somewhat familiar,Neutral,"Yes, definitely",Have heard of them but unsure of details,Not sure,Not sure,30 minutes - 1 hour,Depends on how much extra,0,1,0,1,0,0,1,0,0,0,0,0,0,1,1,1,0,0,1,0,1,0,1,1,0,0,1,0,0,1,0,1,1,0,0,0,0,0,0,0,1
R056,25–34,Male,Indian resident,Suppressed,1,Semi-urban,Postgraduate or doctoral,Suppressed,<20k,Managing,Yes,2 - 5 years,200 - 500 Km,Very familiar,Somewhat positive,Maybe - depends on infrastructure,Aware to some extent,Somewhat likely,Not sure,Less than 30 minutes,Depends on how much extra,0,0,0,1,0,0,0,0,1,0,0,0,0,1,1,0,0,0,0,0,0,1,1,0,1,0,0,1,0,1,0,0,1,0,0,0,1,1,0,0,0
R057,35–44,Female,Indian resident,Kerala,1,Urban (non-metro city or town),Postgraduate or doctoral,Employed,20k–50k,Stable,Yes,More than 10 years,500 - 1000 Km,Somewhat familiar,Very positive,"Yes, definitely","No, not aware",Very likely,Very likely,Less than 30 minutes,Depends on how much extra,1,0,0,1,0,0,1,1,1,1,0,0,0,1,1,0,0,0,1,0,0,1,1,0,0,1,0,0,0,0,0,0,0,1,0,1,1,0,1,1,0
R058,18–24,Male,NRI,Suppressed,0,Urban (non-metro city or town),Postgraduate or doctoral,Suppressed,2L–5L,Stable,Yes,2 - 5 years,500 - 1000 Km,Very familiar,Neutral,"No- not suitable due to roads, power supply, etc.","Yes, well aware",Not likely,Unlikely,30 minutes - 1 hour,Depends on how much extra,1,0,0,1,0,0,1,0,1,1,1,1,1,0,0,0,1,0,0,0,1,0,1,1,1,1,0,0,0,0,0,0,0,0,0,0,1,0,0,0,0
R059,45–54,Female,NRI,Gulf,0,Metro city,Undergraduate,Homemaker,2L–5L,Comfortable,Yes,2 - 5 years,Less than 200 Km,Heard of them,Somewhat positive,"Yes, definitely","No, not aware",Somewhat likely,Not sure,Less than 30 minutes,Yes,0,1,0,0,0,0,0,1,0,1,0,0,0,1,1,0,0,0,0,0,1,1,0,1,0,0,0,1,0,0,1,0,0,1,0,0,0,0,1,0,0
R060,18–24,Female,NRI,Gulf,0,Metro city,Undergraduate,Not working,Prefer not to say,Comfortable,No,not applicable,not applicable,Somewhat familiar,Neutral,Maybe - depends on infrastructure,"No, not aware",Not sure,Not sure,1- 2 hours,Depends on how much extra,0,0,0,0,0,0,1,1,0,1,0,0,0,1,1,1,0,0,0,0,1,1,0,1,0,0,0,0,0,0,1,1,0,1,0,0,1,1,0,0,0
R061,35–44,Female,Indian resident,Kerala,1,Urban (non-metro city or town),School or diploma,Employed,50k–1L,Comfortable,Yes,Less than 2 years,200 - 500 Km,Somewhat familiar,Somewhat positive,Maybe - depends on infrastructure,"Yes, well aware",Somewhat likely,Not sure,1- 2 hours,No,0,0,0,1,0,0,1,0,0,0,0,0,0,1,1,0,0,0,0,0,0,0,0,0,0,0,0,1,0,0,1,0,0,0,0,0,0,0,1,0,0
R062,25–34,Female,Indian resident,Kerala,1,Rural,Undergraduate,Employed,20k–50k,Managing,No,not applicable,not applicable,Somewhat familiar,Neutral,Maybe - depends on infrastructure,"No, not aware",Somewhat likely,Not sure,Less than 30 minutes,Depends on how much extra,0,0,0,0,0,0,0,0,1,0,0,0,0,0,1,1,0,0,0,0,0,0,0,1,0,1,0,1,0,0,0,0,0,1,0,0,0,0,1,1,0
R063,18–24,Female,Indian resident,Tamil Nadu,1,Metro city,Undergraduate,Employed,50k–1L,Managing,No,Less than 2 years,200 - 500 Km,Very familiar,Very positive,"Yes, definitely",Aware to some extent,Very likely,Very likely,30 minutes - 1 hour,Depends on how much extra,1,0,1,1,0,0,1,0,0,1,1,0,0,1,1,1,0,1,0,0,0,1,0,0,1,0,0,0,0,1,0,1,1,0,1,0,1,1,0,0,0
R064,55+,Male,Indian resident,Kerala,1,Urban (non-metro city or town),School or diploma,Employed,20k–50k,Struggling,Yes,More than 10 years,Less than 200 Km,Very familiar,Very positive,"Yes, definitely",Have heard of them but unsure of details,Very likely,Somewhat likely,Doesn't matter,Depends on how much extra,0,0,0,1,0,0,1,0,0,0,0,0,0,1,0,0,0,0,0,0,0,1,0,0,0,0,0,0,0,0,0,0,0,1,0,0,1,1,1,1,1
R065,18–24,Male,Indian resident,Tamil Nadu,1,Semi-urban,Undergraduate,Employed,20k–50k,Stable,Yes,Less than 2 years,200 - 500 Km,Somewhat familiar,Neutral,"Yes, definitely",Have heard of them but unsure of details,Somewhat likely,Unlikely,1- 2 hours,Depends on how much extra,1,0,0,1,0,0,1,1,1,0,0,0,0,1,0,1,1,0,0,0,1,1,1,0,1,1,0,0,0,1,0,1,0,0,1,0,1,1,0,1,0
R066,25–34,Female,Indian resident,Other Indian state,1,Metro city,Postgraduate or doctoral,Employed,50k–1L,Stable,Yes,2 - 5 years,Less than 200 Km,Somewhat familiar,Somewhat positive,Maybe - depends on infrastructure,Aware to some extent,Not likely,Unlikely,30 minutes - 1 hour,Yes,0,0,0,1,0,0,0,0,0,1,0,0,0,1,1,1,1,0,0,0,1,0,0,0,0,0,1,0,0,0,1,0,0,1,1,0,0,1,0,0,0
R067,18–24,Female,NRI,Other abroad,0,Metro city,Postgraduate or doctoral,Suppressed,2L–5L,Comfortable,No,not applicable,not applicable,Very familiar,Very positive,"Yes, definitely","Yes, well aware",Somewhat likely,Somewhat likely,Overnight ( 6 - 8 hours),Yes,0,0,0,0,0,0,0,0,0,1,0,0,0,1,1,1,1,0,0,0,1,0,1,0,1,1,1,1,0,1,0,0,1,0,0,0,1,1,0,0,0
R068,55+,Female,Indian resident,Kerala,1,Rural,Postgraduate or doctoral,Homemaker,20k–50k,Managing,Yes,More than 10 years,Less than 200 Km,Somewhat familiar,Very positive,"Yes, definitely",Have heard of them but unsure of details,Not likely,Not sure,30 minutes - 1 hour,No,0,0,0,1,0,0,1,1,1,0,0,0,0,0,0,1,0,1,0,0,0,0,0,0,0,1,0,0,0,0,1,0,0,1,0,0,1,0,1,0,0
R069,35–44,Female,Indian resident,Kerala,1,Urban (non-metro city or town),Postgraduate or doctoral,Employed,20k–50k,Struggling,Yes,More than 10 years,Less than 200 Km,Heard of them,Neutral,"No- not suitable due to roads, power supply, etc.","No, not aware",Not sure,Not sure,30 minutes - 1 hour,Depends on how much extra,1,0,0,0,0,0,0,0,1,0,0,0,0,0,0,0,0,0,0,1,0,0,0,0,0,1,0,0,0,0,0,0,0,1,0,0,1,1,1,1,1
R070,25–34,Male,NRI,Gulf,0,Metro city,Undergraduate,Employed,Prefer not to say,Comfortable,Yes,5 - 10 years,not applicable,Very familiar,Very positive,"Yes, definitely","No, not aware",Somewhat likely,Very likely,30 minutes - 1 hour,Depends on how much extra,1,0,0,1,0,0,1,0,0,0,0,0,0,1,1,0,0,0,0,0,1,1,0,1,0,0,0,0,0,1,0,0,1,0,0,0,1,1,1,1,0
R071,18–24,Female,NRI,Gulf,0,Metro city,Postgraduate or doctoral,Not working,20k–50k,Managing,No,not applicable,not applicable,Somewhat familiar,Somewhat positive,Maybe - depends on infrastructure,Have heard of them but unsure of details,Not sure,Not sure,Less than 30 minutes,Depends on how much extra,0,0,0,0,0,0,0,0,0,0,0,1,0,1,1,0,0,0,0,0,0,0,1,0,0,1,0,1,0,0,1,1,0,0,0,0,0,0,0,0,1
R072,55+,Female,Indian resident,Suppressed,1,Urban (non-metro city or town),Undergraduate,Suppressed,20k–50k,Struggling,Yes,5 - 10 years,200 - 500 Km,Heard of them,Somewhat positive,Maybe - depends on infrastructure,"Yes, well aware",Very likely,Not sure,Less than 30 minutes,No,0,0,0,1,0,0,0,0,0,0,0,1,0,0,1,0,0,0,0,0,0,0,0,1,0,0,0,0,0,0,1,0,0,0,0,0,0,0,1,0,0
R073,Suppressed,Female,Indian resident,Suppressed,1,Metro city,Undergraduate,Suppressed,Prefer not to say,Stable,Yes,5 - 10 years,Less than 200 Km,Not familiar at all,Neutral,"No- not suitable due to roads, power supply, etc.",Have heard of them but unsure of details,Not likely,Unlikely,Less than 30 minutes,Depends on how much extra,0,0,0,1,0,0,0,0,0,1,0,0,0,0,1,0,1,0,0,0,1,1,0,0,1,1,1,0,0,1,1,1,1,1,0,0,1,1,1,1,1
R074,55+,Female,Indian resident,Kerala,1,Rural,Undergraduate,Homemaker,<20k,Comfortable,Yes,5 - 10 years,Less than 200 Km,Somewhat familiar,Neutral,"Yes, definitely","No, not aware",Somewhat likely,Not sure,30 minutes - 1 hour,Depends on how much extra,1,0,0,0,0,0,0,1,0,0,0,0,0,1,0,0,0,0,0,0,0,1,1,0,0,0,0,0,0,0,0,1,0,1,1,0,1,0,0,0,0
R075,18–24,Male,Indian resident,Tamil Nadu,1,Metro city,Undergraduate,Employed,1L–2L,Comfortable,No,not applicable,not applicable,Somewhat familiar,Somewhat positive,Maybe - depends on infrastructure,"Yes, well aware",Very likely,Very likely,1- 2 hours,No,0,0,0,0,0,0,1,1,1,1,1,0,1,1,1,1,1,0,0,0,0,1,0,0,0,1,0,1,0,1,0,1,1,0,0,0,1,0,0,0,0
R076,55+,Female,Indian resident,Kerala,1,Urban (non-metro city or town),Undergraduate,Homemaker,20k–50k,Stable,Yes,2 - 5 years,Less than 200 Km,Very familiar,Neutral,"Yes, definitely","No, not aware",Somewhat likely,Not sure,30 minutes - 1 hour,Depends on how much extra,0,1,0,0,0,0,0,0,1,0,0,0,0,0,1,0,0,0,0,0,0,0,0,0,1,0,0,0,0,0,0,0,1,0,0,0,0,0,1,0,0
R077,45–54,Female,Indian resident,Kerala,1,Urban (non-metro city or town),Postgraduate or doctoral,Homemaker,Prefer not to say,Comfortable,No,Less than 2 years,200 - 500 Km,Heard of them,Very positive,"Yes, definitely","No, not aware",Very likely,Somewhat likely,Less than 30 minutes,Depends on how much extra,1,0,0,0,0,0,0,1,0,0,0,0,0,1,1,0,0,0,0,0,0,0,0,0,0,0,0,0,1,0,1,0,0,0,0,0,0,0,0,0,1
R078,35–44,Female,NRI,"India, unspecified",1,Metro city,Postgraduate or doctoral,Homemaker,2L–5L,Comfortable,Yes,2 - 5 years,above 1000km,Heard of them,Very positive,"Yes, definitely","Yes, well aware",Somewhat likely,Somewhat likely,Doesn't matter,Depends on how much extra,0,0,0,1,0,0,1,0,0,0,0,0,0,1,0,0,0,0,0,0,0,0,0,0,0,0,0,1,0,0,0,0,1,0,0,0,0,0,1,0,0
R079,35–44,Female,NRI,Gulf,0,Metro city,Undergraduate,Employed,1L–2L,Stable,Yes,More than 10 years,500 - 1000 Km,Somewhat familiar,Somewhat positive,Maybe - depends on infrastructure,Have heard of them but unsure of details,Somewhat likely,Somewhat likely,30 minutes - 1 hour,No,1,0,0,0,0,0,0,1,0,0,0,0,0,0,0,0,1,0,0,0,0,0,0,0,1,0,0,0,0,0,0,0,1,0,0,0,0,0,0,0,1
R080,25–34,Female,Indian resident,Kerala,1,Urban (non-metro city or town),Postgraduate or doctoral,Employed,20k–50k,Comfortable,Yes,5 - 10 years,200 - 500 Km,Somewhat familiar,Somewhat positive,"No- not suitable due to roads, power supply, etc.",Have heard of them but unsure of details,Not likely,Unlikely,Less than 30 minutes,Depends on how much extra,0,1,0,0,0,0,0,1,0,0,0,0,0,1,0,0,0,0,0,0,0,0,0,1,0,0,0,0,0,0,0,0,1,0,0,0,1,0,0,0,0
R081,35–44,Female,Indian resident,"India, unspecified",1,Metro city,Postgraduate or doctoral,Homemaker,Prefer not to say,Managing,Yes,2 - 5 years,Less than 200 Km,Heard of them,Neutral,Maybe - depends on infrastructure,Have heard of them but unsure of details,Not sure,Definitely not,Doesn't matter,Not sure,1,0,0,0,0,0,0,0,0,1,0,0,0,0,0,0,0,1,0,0,0,0,1,0,0,0,0,0,0,0,1,0,0,0,0,0,0,0,0,1,0
R082,Suppressed,Male,Indian resident,Suppressed,1,Metro city,Postgraduate or doctoral,Suppressed,>5L,Comfortable,Yes,Less than 2 years,above 1000km,Very familiar,Very positive,"Yes, definitely",Aware to some extent,Somewhat likely,Very likely,Less than 30 minutes,Yes,1,1,0,0,0,0,1,0,0,0,0,0,0,1,1,1,1,1,0,0,1,1,1,1,1,1,0,0,0,1,0,0,1,0,0,0,1,1,0,0,0
R083,18–24,Female,Indian resident,Other Indian state,1,Metro city,Undergraduate,Suppressed,20k–50k,Stable,Yes,2 - 5 years,Less than 200 Km,Somewhat familiar,Somewhat positive,Maybe - depends on infrastructure,"No, not aware",Not sure,Somewhat likely,30 minutes - 1 hour,Depends on how much extra,1,0,0,0,0,0,0,0,1,0,0,0,0,1,1,0,0,0,0,0,1,0,0,1,1,0,1,1,0,1,0,0,1,1,0,0,1,0,1,0,0
R084,25–34,Female,Indian resident,Suppressed,1,Urban (non-metro city or town),Postgraduate or doctoral,Suppressed,>5L,Comfortable,Yes,2 - 5 years,200 - 500 Km,Very familiar,Neutral,Maybe - depends on infrastructure,Aware to some extent,Definitely not,Definitely not,1- 2 hours,Depends on how much extra,1,1,1,1,1,1,1,1,1,1,1,1,1,1,1,1,1,0,0,1,1,1,1,1,1,1,1,1,0,0,0,0,0,1,0,0,0,0,0,0,1
R085,55+,Male,NRI,Gulf,0,Urban (non-metro city or town),Undergraduate,Employed,2L–5L,Stable,Yes,More than 10 years,500 - 1000 Km,Somewhat familiar,Somewhat positive,"Yes, definitely","No, not aware",Somewhat likely,Somewhat likely,30 minutes - 1 hour,Yes,1,0,0,0,0,0,0,1,0,0,0,0,0,1,1,1,1,1,1,0,1,1,1,0,1,1,0,0,0,1,1,1,1,0,1,0,1,0,0,0,0
R086,45–54,Female,Indian resident,Kerala,1,Urban (non-metro city or town),Postgraduate or doctoral,Homemaker,20k–50k,Stable,Yes,More than 10 years,Less than 200 Km,Heard of them,Somewhat positive,Maybe - depends on infrastructure,Have heard of them but unsure of details,Somewhat likely,Somewhat likely,1- 2 hours,Depends on how much extra,0,0,0,1,0,0,0,0,0,1,0,0,0,1,1,0,1,0,0,0,1,0,0,1,0,0,0,0,0,0,1,0,0,1,0,0,0,0,0,0,1
R087,25–34,Female,NRI,Other abroad,0,Urban (non-metro city or town),Undergraduate,Student,Prefer not to say,Stable,No,not applicable,not applicable,Very familiar,Neutral,Maybe - depends on infrastructure,Have heard of them but unsure of details,Not sure,Not sure,Less than 30 minutes,Depends on how much extra,0,0,0,0,0,0,1,1,1,1,1,1,0,1,1,0,1,0,0,0,0,1,0,1,1,1,0,0,0,1,0,0,1,0,1,0,0,0,0,0,1
R088,Suppressed,Prefer not to say,Indian resident,Suppressed,1,Urban (non-metro city or town),Postgraduate or doctoral,Suppressed,>5L,Comfortable,Yes,Less than 2 years,Less than 200 Km,Somewhat familiar,Neutral,Maybe - depends on infrastructure,Have heard of them but unsure of details,Not likely,Unlikely,Less than 30 minutes,Depends on how much extra,1,0,0,0,0,0,1,0,0,0,0,0,0,1,1,0,0,0,0,0,0,0,0,1,0,1,0,0,0,1,0,0,0,1,0,0,0,0,0,0,1
R089,18–24,Male,Indian resident,Suppressed,1,Metro city,Undergraduate,Suppressed,<20k,Comfortable,Yes,More than 10 years,Less than 200 Km,Somewhat familiar,Somewhat negative,"Yes, definitely","Yes, well aware",Definitely not,Definitely not,30 minutes - 1 hour,Yes,0,0,0,1,0,0,1,1,1,1,1,0,1,1,0,1,0,0,0,0,0,0,0,1,0,1,1,1,0,0,1,0,1,1,1,0,1,0,0,0,0
R090,18–24,Female,NRI,Gulf,0,Metro city,School or diploma,Student,Prefer not to say,Stable,Yes,Less than 2 years,200 - 500 Km,Heard of them,Somewhat positive,Maybe - depends on infrastructure,"No, not aware",Not likely,Not sure,30 minutes - 1 hour,Depends on how much extra,1,0,0,0,0,0,1,0,0,0,0,0,0,1,1,0,0,0,1,0,0,1,0,0,1,0,0,1,0,1,0,1,1,0,0,0,0,0,0,0,1
R091,45–54,Female,Indian resident,Kerala,1,Urban (non-metro city or town),Undergraduate,Employed,<20k,Struggling,Yes,Less than 2 years,Less than 200 Km,Somewhat familiar,Somewhat positive,Maybe - depends on infrastructure,Aware to some extent,Somewhat likely,Somewhat likely,Less than 30 minutes,No,0,0,0,1,0,0,0,1,0,0,0,0,0,0,1,0,0,0,0,0,0,0,0,1,0,0,0,0,0,1,0,0,0,0,0,0,0,0,1,0,0
R092,18–24,Female,NRI,Other abroad,0,Metro city,Undergraduate,Suppressed,Prefer not to say,Comfortable,Yes,2 - 5 years,Less than 200 Km,Very familiar,Neutral,Maybe - depends on infrastructure,"No, not aware",Somewhat likely,Unlikely,1- 2 hours,Depends on how much extra,1,0,0,0,0,0,1,0,0,1,1,1,0,1,1,0,0,0,0,0,0,0,1,0,1,0,1,1,0,1,1,1,1,0,0,0,1,0,1,0,0
R093,Suppressed,Prefer not to say,Indian resident,Suppressed,1,Rural,Undergraduate,Suppressed,Prefer not to say,Stable,Yes,2 - 5 years,500 - 1000 Km,Very familiar,Somewhat positive,"No- not suitable due to roads, power supply, etc.","Yes, well aware",Not likely,Not sure,Less than 30 minutes,Depends on how much extra,1,0,0,0,0,0,0,0,1,0,0,0,0,1,0,0,0,0,0,0,1,1,1,1,1,1,0,0,0,1,0,1,1,0,0,0,0,0,0,0,1
R094,25–34,Female,Indian resident,Kerala,1,Urban (non-metro city or town),Postgraduate or doctoral,Employed,<20k,Struggling,Yes,Less than 2 years,Less than 200 Km,Heard of them,Somewhat positive,Maybe - depends on infrastructure,Aware to some extent,Somewhat likely,Somewhat likely,Less than 30 minutes,No,0,0,0,1,0,0,1,0,1,0,0,0,0,0,1,0,0,0,0,0,1,1,0,0,0,0,0,0,0,1,0,0,0,0,0,0,1,1,0,0,0
R095,25–34,Female,Indian resident,Other Indian state,1,Metro city,Undergraduate,Employed,2L–5L,Stable,No,not applicable,not applicable,Somewhat familiar,Somewhat positive,Maybe - depends on infrastructure,"No, not aware",Somewhat likely,Somewhat likely,Overnight ( 6 - 8 hours),No,0,0,0,0,0,0,0,1,0,0,0,0,0,1,1,0,1,1,0,0,0,0,1,0,1,1,1,1,0,0,0,0,0,0,1,0,1,0,0,0,0
R096,35–44,Female,Indian resident,Suppressed,0,Metro city,Undergraduate,Suppressed,>5L,Stable,Yes,More than 10 years,500 - 1000 Km,Very familiar,Very positive,"Yes, definitely","Yes, well aware",Very likely,Very likely,Less than 30 minutes,Yes,0,1,0,0,0,0,0,1,0,0,0,0,0,1,1,0,0,0,0,0,0,0,0,1,0,0,0,0,0,0,0,1,0,0,0,0,1,0,0,0,0
R097,25–34,Male,NRI,Gulf,0,Metro city,Undergraduate,Employed,Prefer not to say,Stable,Yes,Less than 2 years,Less than 200 Km,Very familiar,Very negative,Maybe - depends on infrastructure,"Yes, well aware",Definitely not,Definitely not,Less than 30 minutes,No,1,0,0,0,0,0,0,0,1,0,0,0,0,0,0,0,0,0,0,1,0,0,0,0,0,0,0,0,1,1,0,0,0,0,0,0,1,0,0,0,0
R098,18–24,Male,Indian resident,Tamil Nadu,1,Metro city,Postgraduate or doctoral,Employed,20k–50k,Managing,Yes,5 - 10 years,500 - 1000 Km,Somewhat familiar,Somewhat positive,Maybe - depends on infrastructure,Have heard of them but unsure of details,Not sure,Somewhat likely,Less than 30 minutes,Depends on how much extra,0,0,0,1,0,0,1,0,1,0,0,0,0,1,0,1,0,0,0,0,1,0,1,1,1,0,1,0,0,1,0,0,0,0,0,0,1,1,1,1,1
R099,25–34,Female,Foreign national,Suppressed,1,Metro city,Postgraduate or doctoral,Suppressed,<20k,Stable,No,not applicable,Less than 200 Km,Very familiar,Very positive,Maybe - depends on infrastructure,Aware to some extent,Somewhat likely,Somewhat likely,30 minutes - 1 hour,Depends on how much extra,0,0,0,0,0,0,1,0,0,1,0,1,1,1,1,0,1,0,0,0,1,1,1,0,1,1,0,0,0,1,0,1,1,0,1,0,1,1,1,1,1
R100,18–24,Male,Indian resident,Suppressed,1,Rural,Undergraduate,Suppressed,Prefer not to say,Managing,Yes,5 - 10 years,Less than 200 Km,Somewhat familiar,Somewhat positive,Maybe - depends on infrastructure,Have heard of them but unsure of details,Somewhat likely,Not sure,Less than 30 minutes,Depends on how much extra,0,0,0,1,0,0,1,0,0,1,1,0,1,0,1,1,0,0,0,0,1,1,1,1,1,0,0,0,0,0,0,1,1,0,1,0,1,1,0,0,0
R101,45–54,Female,NRI,Gulf,0,Metro city,Postgraduate or doctoral,Homemaker,Prefer not to say,Comfortable,Yes,More than 10 years,200 - 500 Km,Heard of them,Somewhat positive,"Yes, definitely",Have heard of them but unsure of details,Somewhat likely,Somewhat likely,Less than 30 minutes,Depends on how much extra,1,0,0,0,0,0,0,1,0,0,0,0,0,0,1,0,0,0,0,0,0,1,0,1,1,0,0,0,0,1,1,1,1,0,0,0,1,0,0,1,0
R102,35–44,Female,NRI,Gulf,0,Semi-urban,Postgraduate or doctoral,Employed,50k–1L,Stable,No,5 - 10 years,Less than 200 Km,Somewhat familiar,Very positive,"Yes, definitely","Yes, well aware",Very likely,Not sure,30 minutes - 1 hour,Depends on how much extra,1,0,0,0,0,0,1,0,0,0,0,0,0,1,1,1,0,0,0,0,0,1,1,1,1,0,0,0,0,1,0,1,1,0,1,0,0,0,0,0,1
R103,55+,Male,NRI,Gulf,0,Metro city,Undergraduate,Employed,>5L,Comfortable,Yes,2 - 5 years,Less than 200 Km,Somewhat familiar,Somewhat positive,Maybe - depends on infrastructure,Aware to some extent,Somewhat likely,Somewhat likely,30 minutes - 1 hour,Yes,0,1,0,1,0,0,0,1,1,0,0,0,0,0,1,0,0,0,0,0,0,1,0,0,0,0,0,0,0,0,0,1,0,0,0,0,1,1,0,0,0
R104,45–54,Female,Indian resident,Kerala,1,Urban (non-metro city or town),School or diploma,Homemaker,Prefer not to say,Managing,No,not applicable,not applicable,Somewhat familiar,Very positive,"Yes, definitely",Have heard of them but unsure of details,Somewhat likely,Not sure,30 minutes - 1 hour,Depends on how much extra,0,0,0,0,0,0,0,1,0,0,0,0,0,1,0,0,0,0,0,0,0,0,0,0,0,0,1,0,0,0,1,0,0,0,0,0,1,0,0,0,0
R105,25–34,Male,Indian resident,Suppressed,1,Urban (non-metro city or town),Undergraduate,Suppressed,1L–2L,Stable,Yes,5 - 10 years,Less than 200 Km,Very familiar,Very positive,"Yes, definitely",Aware to some extent,Very likely,Very likely,Overnight ( 6 - 8 hours),Depends on how much extra,0,0,0,1,0,0,1,0,0,1,0,0,0,1,0,1,1,0,0,0,1,0,1,0,0,0,0,0,0,1,0,1,0,0,0,0,1,0,0,0,0
R106,Suppressed,Female,NRI,Suppressed,0,Metro city,Postgraduate or doctoral,Suppressed,1L–2L,Stable,Yes,More than 10 years,200 - 500 Km,Somewhat familiar,Neutral,"Yes, definitely",Aware to some extent,Not likely,Unlikely,30 minutes - 1 hour,No,1,0,0,0,0,0,0,0,0,0,1,0,0,0,1,1,0,0,1,0,1,1,1,0,1,1,0,1,0,1,0,0,1,1,0,0,1,1,1,1,1
R107,25–34,Male,Indian resident,Kerala,1,Rural,Undergraduate,Employed,20k–50k,Comfortable,Yes,Less than 2 years,200 - 500 Km,Somewhat familiar,Very positive,"Yes, definitely","Yes, well aware",Somewhat likely,Very likely,Less than 30 minutes,Yes,0,0,0,0,0,1,1,1,1,1,0,0,1,1,1,1,1,1,0,0,1,1,1,0,0,0,0,0,0,1,0,0,1,0,1,0,1,0,0,1,0
R108,18–24,Male,NRI,Suppressed,0,Metro city,Postgraduate or doctoral,Suppressed,2L–5L,Stable,Yes,5 - 10 years,Less than 200 Km,Heard of them,Neutral,Maybe - depends on infrastructure,Have heard of them but unsure of details,Not likely,Unlikely,Less than 30 minutes,No,1,0,0,0,0,0,1,1,0,1,0,0,0,1,1,1,0,0,0,0,0,1,1,0,1,0,0,1,0,1,1,0,1,0,0,0,1,1,1,1,0
R109,55+,Male,Indian resident,Kerala,1,Urban (non-metro city or town),Postgraduate or doctoral,Employed,50k–1L,Stable,Yes,5 - 10 years,200 - 500 Km,Very familiar,Very positive,"Yes, definitely","No, not aware",Very likely,Somewhat likely,30 minutes - 1 hour,No,0,1,0,1,0,0,0,1,0,0,0,0,0,1,1,0,0,0,0,0,0,1,0,0,0,0,0,0,0,1,0,0,0,0,0,0,1,0,0,0,0
R110,25–34,Female,Indian resident,Suppressed,1,Urban (non-metro city or town),Postgraduate or doctoral,Suppressed,Prefer not to say,Comfortable,Yes,2 - 5 years,500 - 1000 Km,Somewhat familiar,Neutral,Maybe - depends on infrastructure,Aware to some extent,Not likely,Not sure,Less than 30 minutes,No,1,0,0,0,0,0,1,0,0,0,0,0,0,0,0,1,1,0,0,0,1,1,0,1,1,1,0,0,0,1,0,1,1,0,1,0,1,0,1,0,0
R111,18–24,Female,Indian resident,Other Indian state,1,Metro city,Undergraduate,Student,>5L,Comfortable,Yes,2 - 5 years,Less than 200 Km,Somewhat familiar,Somewhat positive,Maybe - depends on infrastructure,"Yes, well aware",Very likely,Not sure,30 minutes - 1 hour,Yes,1,0,0,1,0,0,1,0,1,1,0,0,0,1,0,1,0,1,0,0,1,0,1,0,0,0,1,0,0,1,1,1,0,0,1,0,1,0,1,0,0
R112,25–34,Female,NRI,Gulf,0,Metro city,Postgraduate or doctoral,Employed,50k–1L,Managing,No,2 - 5 years,above 1000km,Somewhat familiar,Somewhat positive,"Yes, definitely",Have heard of them but unsure of details,Somewhat likely,Not sure,30 minutes - 1 hour,Depends on how much extra,1,0,0,0,0,0,1,0,1,0,0,0,0,1,1,0,1,0,0,0,1,0,0,1,0,1,1,0,0,0,0,1,1,1,0,0,1,1,1,1,1
R113,18–24,Female,NRI,Gulf,0,Urban (non-metro city or town),Postgraduate or doctoral,Not working,<20k,Comfortable,No,not applicable,not applicable,Somewhat familiar,Somewhat positive,Maybe - depends on infrastructure,Have heard of them but unsure of details,Somewhat likely,Not sure,Less than 30 minutes,No,0,0,0,0,0,0,1,1,1,1,1,1,1,1,1,0,0,0,0,0,1,0,1,1,1,1,1,1,0,0,1,0,0,0,0,0,1,1,1,1,1
R114,35–44,Female,Indian resident,Kerala,1,Urban (non-metro city or town),Postgraduate or doctoral,Employed,50k–1L,Stable,Yes,More than 10 years,200 - 500 Km,Very familiar,Somewhat positive,"Yes, definitely",Aware to some extent,Somewhat likely,Not sure,Less than 30 minutes,No,1,0,0,1,0,0,0,0,0,1,0,0,0,1,0,1,1,0,0,0,1,1,1,1,1,1,1,1,0,1,0,1,1,0,0,0,1,0,0,1,0
R115,25–34,Female,NRI,Other abroad,0,Urban (non-metro city or town),Postgraduate or doctoral,Suppressed,<20k,Managing,Yes,2 - 5 years,Less than 200 Km,Somewhat familiar,Somewhat positive,"No- not suitable due to roads, power supply, etc.","No, not aware",Not likely,Unlikely,Less than 30 minutes,Depends on how much extra,1,0,0,1,0,0,1,0,1,1,1,1,1,1,1,0,0,0,0,0,1,1,0,1,1,0,1,1,0,1,1,1,1,1,1,0,0,0,0,0,1
R116,18–24,Female,Indian resident,Other Indian state,1,Urban (non-metro city or town),School or diploma,Student,<20k,Managing,No,not applicable,not applicable,Somewhat familiar,Very positive,Maybe - depends on infrastructure,Aware to some extent,Somewhat likely,Not sure,Less than 30 minutes,No,0,0,0,0,0,0,1,0,0,0,0,0,0,1,0,0,0,0,0,0,0,0,0,1,0,0,0,0,0,0,1,1,0,0,0,0,0,0,0,0,1
R117,35–44,Female,Indian resident,Kerala,1,Urban (non-metro city or town),Undergraduate,Employed,Prefer not to say,Stable,No,5 - 10 years,200 - 500 Km,Heard of them,Neutral,Maybe - depends on infrastructure,"No, not aware",Not sure,Not sure,Less than 30 minutes,Depends on how much extra,0,0,0,1,0,0,0,1,0,0,0,0,0,0,0,0,0,0,0,1,0,0,0,0,0,0,0,0,1,0,0,0,0,0,0,1,0,0,1,0,0
R118,45–54,Female,Indian resident,Kerala,1,Urban (non-metro city or town),Undergraduate,Employed,20k–50k,Managing,Yes,Less than 2 years,Less than 200 Km,Heard of them,Somewhat negative,Not sure,"No, not aware",Definitely not,Unlikely,Doesn't matter,No,0,0,0,1,0,0,1,0,0,0,0,0,0,1,0,0,0,0,0,0,1,0,0,0,0,0,0,0,0,0,1,0,0,0,0,0,0,0,0,0,1
R119,25–34,Female,NRI,Other abroad,0,Urban (non-metro city or town),Undergraduate,Student,Prefer not to say,Stable,No,not applicable,not applicable,Not familiar at all,Neutral,"Yes, definitely","No, not aware",Not sure,Not sure,Less than 30 minutes,Depends on how much extra,0,0,0,0,0,0,1,1,1,1,0,0,0,1,1,1,0,0,1,0,1,1,0,1,1,0,1,1,0,1,0,1,1,0,0,0,1,1,1,1,1
R120,25–34,Female,Indian resident,Tamil Nadu,1,Metro city,Undergraduate,Employed,>5L,Managing,Yes,2 - 5 years,Less than 200 Km,Somewhat familiar,Neutral,Maybe - depends on infrastructure,"No, not aware",Not likely,Not sure,Less than 30 minutes,No,0,1,0,1,0,0,0,0,1,1,0,0,0,1,1,1,0,0,0,0,1,0,0,0,1,0,0,1,0,0,0,1,1,0,0,0,1,1,1,1,0
R121,55+,Female,NRI,Gulf,0,Metro city,Postgraduate or doctoral,Not working,Prefer not to say,Stable,No,not applicable,not applicable,Very familiar,Very positive,Maybe - depends on infrastructure,"Yes, well aware",Not sure,Not sure,Less than 30 minutes,Depends on how much extra,0,0,0,0,0,0,0,0,1,0,0,0,0,1,1,1,1,1,1,0,1,1,1,0,1,1,0,0,0,1,1,1,1,0,1,0,0,0,0,0,1
R122,25–34,Female,Indian resident,Kerala,1,Urban (non-metro city or town),Undergraduate,Employed,<20k,Comfortable,Yes,Less than 2 years,Less than 200 Km,Somewhat familiar,Very positive,Maybe - depends on infrastructure,Have heard of them but unsure of details,Somewhat likely,Not sure,30 minutes - 1 hour,Depends on how much extra,0,0,0,1,0,0,1,1,1,0,0,0,0,1,1,1,1,1,1,0,1,1,1,1,1,1,0,1,0,1,1,1,1,1,1,1,0,0,0,0,1
R123,18–24,Female,NRI,Other abroad,0,Metro city,Undergraduate,Suppressed,<20k,Comfortable,No,not applicable,not applicable,Heard of them,Somewhat negative,"No- not suitable due to roads, power supply, etc.",Aware to some extent,Not likely,Definitely not,Less than 30 minutes,No,0,0,0,0,0,0,1,1,1,0,0,0,1,0,0,0,0,0,0,1,0,1,1,1,0,0,1,1,0,0,1,1,1,0,1,0,1,0,0,1,0
R124,25–34,Male,Indian resident,Kerala,1,Metro city,Postgraduate or doctoral,Employed,50k–1L,Comfortable,Yes,5 - 10 years,200 - 500 Km,Somewhat familiar,Somewhat positive,Maybe - depends on infrastructure,Aware to some extent,Somewhat likely,Somewhat likely,30 minutes - 1 hour,Depends on how much extra,1,0,0,1,0,0,0,1,1,1,0,0,0,1,1,0,1,0,0,0,1,1,1,1,0,0,0,0,0,0,0,0,0,1,1,0,1,0,1,0,0
R125,25–34,Female,NRI,Other abroad,0,Metro city,Postgraduate or doctoral,Suppressed,>5L,Comfortable,Yes,2 - 5 years,500 - 1000 Km,Not familiar at all,Very negative,"No- not suitable due to roads, power supply, etc.",Aware to some extent,Definitely not,Definitely not,1- 2 hours,Depends on how much extra,1,0,0,1,0,0,0,0,1,0,0,0,0,0,0,0,0,0,0,1,1,1,1,1,1,1,1,1,1,0,0,0,0,1,0,0,0,0,0,0,1
R126,55+,Male,NRI,Gulf,0,Metro city,Undergraduate,Employed,1L–2L,Comfortable,Yes,5 - 10 years,200 - 500 Km,Somewhat familiar,Somewhat positive,Maybe - depends on infrastructure,Aware to some extent,Somewhat likely,Somewhat likely,30 minutes - 1 hour,No,1,0,0,0,0,0,0,0,1,0,0,0,0,1,0,0,0,0,0,0,0,0,0,1,0,0,0,0,0,0,1,0,0,0,0,0,1,0,0,0,0
R127,18–24,Female,Indian resident,Tamil Nadu,1,Metro city,Undergraduate,Employed,20k–50k,Managing,No,not applicable,not applicable,Heard of them,Somewhat positive,Maybe - depends on infrastructure,"No, not aware",Somewhat likely,Not sure,30 minutes - 1 hour,Depends on how much extra,0,0,0,0,0,0,1,0,0,0,0,0,0,1,1,1,0,0,0,0,1,1,1,0,0,0,0,0,0,0,1,0,0,1,0,0,0,0,0,0,1
R128,25–34,Male,NRI,Gulf,0,Semi-urban,Undergraduate,Employed,50k–1L,Managing,Yes,5 - 10 years,200 - 500 Km,Very familiar,Somewhat positive,"Yes, definitely","No, not aware",Somewhat likely,Somewhat likely,Overnight ( 6 - 8 hours),No,0,0,0,1,0,0,0,0,0,0,1,1,0,1,1,1,0,0,0,0,1,0,0,1,1,0,0,0,0,0,1,0,0,1,0,0,1,0,0,0,0
R129,55+,Male,Indian resident,Kerala,1,Urban (non-metro city or town),Undergraduate,Employed,2L–5L,Stable,Yes,Less than 2 years,500 - 1000 Km,Somewhat familiar,Somewhat positive,Maybe - depends on infrastructure,Aware to some extent,Somewhat likely,Somewhat likely,1- 2 hours,Depends on how much extra,1,0,0,0,0,0,0,0,0,1,0,0,0,1,1,1,1,0,0,0,1,1,1,1,1,1,1,0,0,0,0,0,0,1,0,0,1,0,0,0,0
R130,18–24,Female,Indian resident,Tamil Nadu,1,Metro city,Undergraduate,Employed,20k–50k,Managing,No,Less than 2 years,Less than 200 Km,Somewhat familiar,Somewhat positive,"Yes, definitely",Aware to some extent,Somewhat likely,Somewhat likely,Overnight ( 6 - 8 hours),Not sure,0,0,0,0,0,1,0,1,1,0,0,0,0,1,1,1,0,1,0,0,0,1,0,1,1,0,0,0,0,0,1,0,0,1,0,0,1,0,0,0,0
R131,35–44,Male,Indian resident,Kerala,1,Urban (non-metro city or town),Postgraduate or doctoral,Employed,2L–5L,Stable,Yes,2 - 5 years,200 - 500 Km,Somewhat familiar,Neutral,Maybe - depends on infrastructure,Aware to some extent,Not likely,Not sure,1- 2 hours,No,0,0,0,1,0,0,0,1,0,0,0,0,1,1,0,0,0,0,0,0,0,0,1,0,0,1,0,0,0,0,0,0,0,1,0,0,1,0,0,0,0
R132,25–34,Female,Indian resident,Tamil Nadu,1,Metro city,Undergraduate,Employed,50k–1L,Managing,Yes,2 - 5 years,200 - 500 Km,Very familiar,Somewhat positive,Maybe - depends on infrastructure,"No, not aware",Not likely,Not sure,Less than 30 minutes,Yes,1,0,0,0,0,0,1,0,0,0,0,0,0,0,1,1,0,0,0,0,1,1,1,1,1,1,1,1,0,0,1,0,0,0,0,0,1,0,0,0,0
R133,45–54,Male,NRI,Gulf,0,Metro city,Undergraduate,Employed,>5L,Stable,Yes,Less than 2 years,above 1000km,Very familiar,Somewhat negative,Maybe - depends on infrastructure,"Yes, well aware",Not likely,Definitely not,Less than 30 minutes,No,0,0,0,0,0,0,1,0,0,0,0,0,0,0,1,1,0,0,1,0,1,1,1,1,1,1,0,1,0,1,0,0,1,0,0,0,1,1,0,0,0
R134,25–34,Male,Indian resident,Other Indian state,1,Metro city,Undergraduate,Employed,>5L,Stable,Yes,Less than 2 years,Less than 200 Km,Very familiar,Somewhat positive,Maybe - depends on infrastructure,"Yes, well aware",Not likely,Somewhat likely,30 minutes - 1 hour,Yes,1,0,0,1,0,0,1,0,1,1,0,0,0,1,0,0,0,0,0,0,1,0,0,1,1,1,0,0,0,0,0,0,0,0,0,1,1,0,0,0,0
R135,25–34,Male,Indian resident,Other Indian state,1,Metro city,Postgraduate or doctoral,Employed,20k–50k,Managing,Yes,More than 10 years,Less than 200 Km,Very familiar,Neutral,"No- not suitable due to roads, power supply, etc.",Aware to some extent,Not likely,Not sure,1- 2 hours,Depends on how much extra,1,0,0,1,0,0,1,0,0,0,0,0,0,0,0,0,0,0,0,1,1,1,1,1,1,1,1,0,1,1,0,1,1,1,1,0,1,1,1,1,1
R136,18–24,Male,Indian resident,Tamil Nadu,1,Metro city,Undergraduate,Employed,20k–50k,Comfortable,No,5 - 10 years,Less than 200 Km,Very familiar,Very positive,Maybe - depends on infrastructure,"No, not aware",Somewhat likely,Very likely,30 minutes - 1 hour,Depends on how much extra,0,0,0,1,0,0,1,1,1,0,0,0,0,0,1,1,0,0,0,0,1,0,1,0,1,0,0,0,0,1,0,1,1,0,0,0,0,1,0,0,0
R137,25–34,Female,Indian resident,Kerala,1,Semi-urban,Postgraduate or doctoral,Employed,<20k,Struggling,Yes,Less than 2 years,Less than 200 Km,Somewhat familiar,Somewhat positive,Maybe - depends on infrastructure,Have heard of them but unsure of details,Somewhat likely,Not sure,1- 2 hours,Depends on how much extra,0,0,0,0,0,1,0,1,0,0,0,0,0,1,1,0,0,1,1,0,1,0,1,1,1,0,1,0,1,0,1,0,0,0,0,1,1,0,0,0,0
R138,Suppressed,Male,NRI,Suppressed,0,Metro city,Postgraduate or doctoral,Suppressed,Prefer not to say,Managing,Yes,5 - 10 years,Less than 200 Km,Very familiar,Very positive,Maybe - depends on infrastructure,Have heard of them but unsure of details,Very likely,Somewhat likely,30 minutes - 1 hour,Depends on how much extra,0,0,0,1,0,0,1,0,0,0,0,1,0,1,1,1,1,1,1,0,1,1,1,1,0,0,0,0,0,0,1,0,0,1,1,0,0,1,1,0,0
R139,35–44,Female,Indian resident,"India, unspecified",1,Semi-urban,Undergraduate,Homemaker,Prefer not to say,Comfortable,No,not applicable,not applicable,Somewhat familiar,Somewhat positive,"No- not suitable due to roads, power supply, etc.",Have heard of them but unsure of details,Somewhat likely,Not sure,30 minutes - 1 hour,Depends on how much extra,0,0,0,0,0,0,0,1,0,0,0,0,0,0,1,0,0,0,0,0,0,0,0,0,0,0,0,0,1,0,1,0,0,0,0,0,0,0,0,0,1
R140,18–24,Female,NRI,Gulf,0,Metro city,Undergraduate,Not working,Prefer not to say,Stable,Yes,2 - 5 years,200 - 500 Km,Somewhat familiar,Somewhat positive,Maybe - depends on infrastructure,"No, not aware",Not likely,Not sure,Overnight ( 6 - 8 hours),Depends on how much extra,1,0,0,0,0,0,0,0,0,0,1,1,0,1,1,0,0,0,0,0,0,1,0,0,1,0,1,0,0,0,1,0,0,0,0,0,1,0,0,0,0
R141,25–34,Female,Indian resident,Other abroad,0,Urban (non-metro city or town),Postgraduate or doctoral,Student,Prefer not to say,Struggling,No,not applicable,not applicable,Not familiar at all,Neutral,Maybe - depends on infrastructure,"No, not aware",Somewhat likely,Not sure,Less than 30 minutes,No,0,0,0,0,0,0,1,0,0,0,0,0,0,1,1,0,0,0,1,0,1,1,1,1,1,0,1,0,0,0,1,0,0,1,0,1,1,1,1,1,0
R142,25–34,Male,Indian resident,Kerala,1,Urban (non-metro city or town),Undergraduate,Employed,1L–2L,Stable,Yes,5 - 10 years,200 - 500 Km,Very familiar,Somewhat positive,Maybe - depends on infrastructure,Have heard of them but unsure of details,Somewhat likely,Unlikely,30 minutes - 1 hour,Depends on how much extra,1,0,0,0,0,0,1,0,1,1,0,0,0,1,0,1,0,0,1,0,1,0,0,1,1,0,0,0,0,1,0,0,1,0,0,0,0,0,0,0,1
R143,35–44,Female,NRI,Gulf,0,Metro city,Postgraduate or doctoral,Employed,50k–1L,Comfortable,No,More than 10 years,Less than 200 Km,Heard of them,Very positive,"Yes, definitely","No, not aware",Very likely,Very likely,30 minutes - 1 hour,Yes,0,0,0,0,0,0,1,1,1,0,0,0,0,1,1,0,0,0,0,0,1,0,0,0,0,1,0,0,0,1,1,0,0,1,0,0,1,0,0,0,0
R144,45–54,Female,NRI,Gulf,0,Metro city,Postgraduate or doctoral,Employed,50k–1L,Stable,Yes,More than 10 years,200 - 500 Km,Somewhat familiar,Neutral,Maybe - depends on infrastructure,"No, not aware",Not likely,Not sure,30 minutes - 1 hour,Depends on how much extra,1,0,0,0,0,0,0,1,0,0,0,0,0,0,1,0,0,0,0,0,0,0,0,0,0,0,0,1,0,0,0,0,0,0,0,1,0,0,0,0,1
R145,35–44,Female,Indian resident,Kerala,1,Metro city,Postgraduate or doctoral,Employed,1L–2L,Comfortable,Yes,2 - 5 years,Less than 200 Km,Very familiar,Very positive,"Yes, definitely","No, not aware",Very likely,Somewhat likely,Less than 30 minutes,No,0,0,1,1,0,0,0,1,0,0,0,0,0,1,1,1,0,0,0,0,1,0,0,1,0,1,0,0,0,0,1,0,0,1,0,0,0,0,0,0,1
R146,18–24,Female,NRI,Other abroad,0,Metro city,Postgraduate or doctoral,Suppressed,50k–1L,Managing,No,not applicable,not applicable,Very familiar,Very positive,"Yes, definitely","Yes, well aware",Very likely,Very likely,30 minutes - 1 hour,Yes,0,0,0,0,0,0,1,1,1,1,0,0,1,1,1,1,1,1,0,0,0,1,0,1,0,0,0,0,0,0,1,1,1,0,0,0,1,0,0,0,0
R147,35–44,Male,NRI,Kerala,1,Urban (non-metro city or town),School or diploma,Employed,2L–5L,Stable,Yes,More than 10 years,200 - 500 Km,Somewhat familiar,Somewhat positive,Maybe - depends on infrastructure,Have heard of them but unsure of details,Somewhat likely,Somewhat likely,30 minutes - 1 hour,Depends on how much extra,1,0,0,1,0,0,1,1,1,1,0,0,0,1,1,1,1,1,1,0,1,0,1,0,1,1,1,0,0,1,1,1,1,0,1,0,1,1,1,1,0
R148,25–34,Female,Indian resident,Tamil Nadu,1,Metro city,Postgraduate or doctoral,Employed,20k–50k,Managing,No,Less than 2 years,Less than 200 Km,Somewhat familiar,Somewhat positive,Maybe - depends on infrastructure,"No, not aware",Not sure,Definitely not,30 minutes - 1 hour,No,0,0,0,0,0,0,0,1,0,0,0,0,0,1,1,1,0,0,0,0,1,1,0,1,1,0,0,0,0,0,0,0,0,1,0,0,1,0,0,0,0
R149,Suppressed,Male,NRI,Suppressed,0,Metro city,Postgraduate or doctoral,Suppressed,Prefer not to say,Struggling,No,2 - 5 years,200 - 500 Km,Very familiar,Very positive,"Yes, definitely","Yes, well aware",Very likely,Very likely,Less than 30 minutes,Depends on how much extra,0,0,0,0,0,0,0,0,0,0,0,1,0,1,1,1,1,1,1,0,1,1,1,1,1,1,0,1,0,1,1,1,1,1,1,0,1,1,1,1,0
R150,18–24,Female,Indian resident,Other Indian state,1,Urban (non-metro city or town),Undergraduate,Student,Prefer not to say,Struggling,No,not applicable,not applicable,Not familiar at all,Somewhat negative,Not sure,"No, not aware",Not sure,Definitely not,Doesn't matter,Not sure,0,0,0,0,0,0,0,0,0,1,0,0,0,1,0,0,0,0,0,0,0,0,0,0,0,0,0,0,1,0,1,0,0,0,0,0,0,0,0,0,1
R151,45–54,Male,Indian resident,Kerala,1,Urban (non-metro city or town),Undergraduate,Employed,20k–50k,Managing,Yes,2 - 5 years,500 - 1000 Km,Very familiar,Very positive,"Yes, definitely","Yes, well aware",Very likely,Very likely,1- 2 hours,No,0,1,0,1,0,0,0,1,0,0,0,0,0,1,1,0,0,1,0,0,0,1,0,0,0,0,0,0,0,1,1,0,0,0,0,0,1,0,1,0,0
R152,35–44,Female,NRI,Gulf,0,Metro city,Undergraduate,Employed,2L–5L,Stable,Yes,Less than 2 years,200 - 500 Km,Somewhat familiar,Very positive,Maybe - depends on infrastructure,Aware to some extent,Somewhat likely,Not sure,30 minutes - 1 hour,Yes,1,0,0,0,0,0,1,1,1,1,0,0,0,1,1,0,0,0,0,0,0,0,0,1,0,0,1,0,0,0,1,0,1,1,0,0,0,0,0,0,1
R153,55+,Female,Indian resident,Suppressed,1,Urban (non-metro city or town),Postgraduate or doctoral,Suppressed,<20k,Struggling,Yes,2 - 5 years,200 - 500 Km,Not familiar at all,Neutral,"Yes, definitely","No, not aware",Not likely,Definitely not,1- 2 hours,Not sure,0,0,0,1,0,0,0,0,0,0,0,1,0,0,1,0,0,0,0,0,0,0,0,0,0,0,0,0,1,0,0,0,0,0,0,1,0,0,0,1,0
R154,35–44,Female,NRI,Gulf,0,Metro city,Undergraduate,Employed,2L–5L,Comfortable,Yes,Less than 2 years,200 - 500 Km,Not familiar at all,Very positive,"Yes, definitely","Yes, well aware",Very likely,Very likely,Less than 30 minutes,Yes,1,0,0,0,0,0,0,0,1,0,0,0,0,1,0,0,0,0,0,0,0,1,0,0,0,0,0,0,0,0,0,1,0,0,0,0,1,1,1,0,0
R155,25–34,Male,NRI,Gulf,0,Metro city,Postgraduate or doctoral,Employed,50k–1L,Comfortable,Yes,Less than 2 years,200 - 500 Km,Very familiar,Somewhat positive,Maybe - depends on infrastructure,Aware to some extent,Somewhat likely,Somewhat likely,Less than 30 minutes,Yes,1,0,0,0,0,0,1,1,0,0,1,0,0,1,1,1,1,0,0,0,1,1,1,1,1,1,0,0,0,1,1,1,1,0,1,0,0,1,1,1,0
R156,55+,Male,Indian resident,Kerala,1,Urban (non-metro city or town),Undergraduate,Not working,50k–1L,Stable,Yes,More than 10 years,500 - 1000 Km,Somewhat familiar,Very positive,"Yes, definitely",Have heard of them but unsure of details,Somewhat likely,Somewhat likely,30 minutes - 1 hour,No,1,0,0,1,0,0,1,0,0,0,0,0,0,1,1,1,1,1,0,0,1,1,1,0,0,1,0,0,0,1,1,1,1,0,1,0,1,0,0,0,0
R157,25–34,Female,NRI,Gulf,0,Metro city,Postgraduate or doctoral,Employed,2L–5L,Managing,No,not applicable,Less than 200 Km,Very familiar,Very positive,"Yes, definitely","Yes, well aware",Very likely,Not sure,Less than 30 minutes,Depends on how much extra,0,0,0,0,0,0,0,0,0,1,0,0,0,1,0,0,0,0,0,0,0,1,0,0,0,0,0,0,0,0,0,1,0,0,0,0,0,0,0,0,1
R158,45–54,Female,NRI,Gulf,0,Urban (non-metro city or town),Undergraduate,Employed,Prefer not to say,Stable,Yes,2 - 5 years,200 - 500 Km,Somewhat familiar,Very positive,"Yes, definitely","No, not aware",Somewhat likely,Somewhat likely,30 minutes - 1 hour,Depends on how much extra,1,0,0,0,0,0,0,1,0,0,0,0,0,0,1,1,0,1,1,0,1,1,1,0,1,0,0,1,0,0,1,0,0,1,0,0,0,0,0,0,1
R159,25–34,Male,Indian resident,Kerala,1,Urban (non-metro city or town),Undergraduate,Employed,1L–2L,Stable,Yes,2 - 5 years,200 - 500 Km,Somewhat familiar,Somewhat positive,"Yes, definitely",Have heard of them but unsure of details,Somewhat likely,Somewhat likely,Less than 30 minutes,Depends on how much extra,0,0,0,1,0,0,1,1,1,0,0,0,0,1,0,1,0,0,0,0,1,1,1,0,1,0,0,0,0,1,0,0,1,1,0,0,1,0,0,0,0
R160,18–24,Male,Indian resident,Tamil Nadu,1,Metro city,Undergraduate,Employed,50k–1L,Stable,Yes,2 - 5 years,200 - 500 Km,Very familiar,Neutral,Maybe - depends on infrastructure,Aware to some extent,Somewhat likely,Not sure,Less than 30 minutes,Depends on how much extra,1,0,0,1,0,0,1,0,1,1,1,0,0,1,0,1,1,0,0,0,1,1,1,0,0,1,0,0,0,1,0,1,0,0,1,0,1,1,1,1,1
R161,18–24,Female,Indian resident,Tamil Nadu,1,Semi-urban,Postgraduate or doctoral,Employed,>5L,Stable,No,5 - 10 years,200 - 500 Km,Not familiar at all,Neutral,"No- not suitable due to roads, power supply, etc.","No, not aware",Not likely,Not sure,Less than 30 minutes,Depends on how much extra,1,0,0,1,0,0,1,0,0,0,0,0,0,1,1,0,0,0,0,0,1,0,0,0,0,0,1,1,0,1,0,0,0,0,0,0,1,1,1,1,1
R162,45–54,Female,Indian resident,Kerala,1,Urban (non-metro city or town),Undergraduate,Employed,50k–1L,Managing,Yes,Less than 2 years,Less than 200 Km,Very familiar,Very positive,"Yes, definitely",Aware to some extent,Very likely,Very likely,Less than 30 minutes,No,0,0,0,0,0,1,0,0,1,1,0,0,0,0,1,1,0,1,0,0,1,1,1,0,0,0,0,0,0,1,1,0,0,1,1,0,1,1,1,1,0
R163,35–44,Male,Indian resident,Kerala,1,Urban (non-metro city or town),Postgraduate or doctoral,Employed,2L–5L,Comfortable,Yes,Less than 2 years,500 - 1000 Km,Somewhat familiar,Somewhat positive,"No- not suitable due to roads, power supply, etc.","No, not aware",Not likely,Definitely not,Less than 30 minutes,No,1,0,0,0,0,0,0,0,0,1,0,0,0,0,1,0,0,0,0,0,1,1,1,1,1,0,0,0,0,1,1,1,1,0,0,0,1,0,1,0,0
R164,35–44,Female,Indian resident,Kerala,1,Metro city,Postgraduate or doctoral,Homemaker,Prefer not to say,Stable,Yes,5 - 10 years,Less than 200 Km,Somewhat familiar,Somewhat positive,Maybe - depends on infrastructure,"No, not aware",Not sure,Not sure,1- 2 hours,Depends on how much extra,1,0,0,0,0,0,1,1,1,1,0,0,0,1,1,1,0,1,0,0,1,0,1,0,0,0,0,0,0,1,0,1,0,0,0,0,1,1,0,0,0
R165,35–44,Female,Indian resident,Gulf,0,Urban (non-metro city or town),Undergraduate,Homemaker,Prefer not to say,Stable,Yes,5 - 10 years,500 - 1000 Km,Very familiar,Very positive,"No- not suitable due to roads, power supply, etc.","Yes, well aware",Not sure,Somewhat likely,1- 2 hours,Depends on how much extra,1,0,0,1,0,0,1,1,0,1,0,0,0,0,1,0,0,1,1,0,1,0,0,1,0,0,1,0,0,1,1,0,0,0,0,0,0,0,1,1,0
R166,25–34,Male,Indian resident,Kerala,1,Metro city,Undergraduate,Employed,1L–2L,Comfortable,Yes,2 - 5 years,Less than 200 Km,Somewhat familiar,Very positive,"Yes, definitely","No, not aware",Not sure,Very likely,Overnight ( 6 - 8 hours),No,1,0,0,1,0,0,1,1,0,0,0,0,0,1,1,1,0,0,1,0,1,1,0,0,0,0,0,0,0,0,0,1,0,1,0,0,1,1,0,0,0
R167,25–34,Female,NRI,Gulf,0,Metro city,Undergraduate,Employed,<20k,Managing,Yes,5 - 10 years,Less than 200 Km,Somewhat familiar,Somewhat positive,"Yes, definitely",Have heard of them but unsure of details,Somewhat likely,Not sure,30 minutes - 1 hour,Depends on how much extra,1,0,0,0,0,0,0,1,0,0,1,1,0,1,1,1,0,0,0,0,1,1,1,0,1,1,0,0,0,1,1,1,1,0,0,0,0,0,0,0,1
R168,25–34,Female,Indian resident,Kerala,1,Urban (non-metro city or town),Postgraduate or doctoral,Employed,20k–50k,Stable,Yes,2 - 5 years,200 - 500 Km,Somewhat familiar,Neutral,"Yes, definitely","No, not aware",Somewhat likely,Somewhat likely,30 minutes - 1 hour,Depends on how much extra,1,0,0,0,0,0,0,1,0,0,0,0,0,1,1,0,0,0,0,0,1,1,1,1,1,0,0,0,0,0,0,0,0,1,0,0,0,1,0,1,0
R169,35–44,Female,Indian resident,Kerala,1,Rural,Postgraduate or doctoral,Employed,20k–50k,Comfortable,Yes,More than 10 years,Less than 200 Km,Somewhat familiar,Very positive,"Yes, definitely",Aware to some extent,Somewhat likely,Somewhat likely,30 minutes - 1 hour,Depends on how much extra,0,1,0,0,0,0,0,0,0,1,0,0,0,0,1,0,0,0,0,0,0,1,0,0,0,0,0,0,0,0,1,0,0,1,0,0,0,0,0,0,1
R170,45–54,Male,Indian resident,Kerala,1,Urban (non-metro city or town),Postgraduate or doctoral,Employed,2L–5L,Stable,Yes,5 - 10 years,500 - 1000 Km,Heard of them,Somewhat positive,Maybe - depends on infrastructure,Aware to some extent,Somewhat likely,Unlikely,Less than 30 minutes,Depends on how much extra,1,0,0,0,0,0,1,1,1,0,0,0,0,1,1,0,0,0,0,0,1,1,1,0,1,1,1,0,0,1,0,1,1,0,1,0,0,0,0,0,1
R171,35–44,Female,Indian resident,Kerala,1,Urban (non-metro city or town),Postgraduate or doctoral,Homemaker,50k–1L,Struggling,Yes,2 - 5 years,200 - 500 Km,Somewhat familiar,Somewhat positive,"Yes, definitely",Have heard of them but unsure of details,Not sure,Definitely not,Overnight ( 6 - 8 hours),No,0,0,1,0,0,0,1,0,1,1,1,0,0,0,0,0,0,1,0,0,0,0,0,1,0,0,0,0,0,0,0,0,0,1,0,0,1,0,0,0,0
R172,18–24,Male,Indian resident,Other Indian state,1,Metro city,Undergraduate,Employed,20k–50k,Managing,Yes,2 - 5 years,Less than 200 Km,Somewhat familiar,Neutral,"Yes, definitely",Have heard of them but unsure of details,Somewhat likely,Somewhat likely,Less than 30 minutes,Depends on how much extra,0,0,0,1,0,0,0,0,1,0,0,0,0,1,1,0,0,0,0,0,1,1,1,1,1,1,1,1,0,0,0,0,0,1,0,0,1,1,0,1,0
R173,18–24,Male,NRI,Suppressed,0,Metro city,Postgraduate or doctoral,Suppressed,50k–1L,Managing,Yes,5 - 10 years,500 - 1000 Km,Very familiar,Neutral,Maybe - depends on infrastructure,Aware to some extent,Somewhat likely,Somewhat likely,30 minutes - 1 hour,Yes,1,0,0,0,0,0,1,0,0,0,0,0,0,1,0,0,0,0,0,0,0,0,0,1,0,0,0,0,0,1,0,1,1,0,0,0,1,0,0,0,0
R174,18–24,Male,Indian resident,Suppressed,1,Metro city,Undergraduate,Suppressed,50k–1L,Managing,Yes,More than 10 years,200 - 500 Km,Somewhat familiar,Somewhat positive,"Yes, definitely",Aware to some extent,Somewhat likely,Somewhat likely,30 minutes - 1 hour,Depends on how much extra,1,0,0,1,0,0,1,0,0,1,1,0,0,1,1,1,1,0,1,0,1,1,1,0,1,0,1,0,0,1,0,0,1,0,1,0,1,1,0,0,0
R175,Suppressed,Male,NRI,Suppressed,0,Urban (non-metro city or town),Postgraduate or doctoral,Suppressed,2L–5L,Comfortable,Yes,5 - 10 years,500 - 1000 Km,Very familiar,Very positive,"Yes, definitely","No, not aware",Very likely,Somewhat likely,30 minutes - 1 hour,Depends on how much extra,1,0,0,0,0,0,1,0,0,1,0,0,0,1,1,0,0,1,0,0,1,1,0,1,0,0,0,0,0,1,0,1,1,0,0,0,1,1,1,0,0
R176,35–44,Female,NRI,Suppressed,0,Metro city,Postgraduate or doctoral,Suppressed,>5L,Comfortable,Yes,2 - 5 years,200 - 500 Km,Somewhat familiar,Somewhat negative,Maybe - depends on infrastructure,Aware to some extent,Definitely not,Not sure,Less than 30 minutes,No,1,1,1,1,1,0,1,0,0,0,0,0,0,0,0,0,0,0,0,1,0,0,0,0,0,0,1,0,0,0,0,0,0,0,0,1,0,1,0,0,0
R177,35–44,Female,Indian resident,Kerala,1,Rural,Undergraduate,Employed,<20k,Struggling,No,not applicable,not applicable,Heard of them,Very positive,"Yes, definitely",Have heard of them but unsure of details,Somewhat likely,Very likely,Overnight ( 6 - 8 hours),Depends on how much extra,0,0,0,0,0,0,0,0,0,1,0,0,0,0,0,0,0,0,1,0,0,0,0,1,0,0,0,0,0,0,1,0,0,0,0,0,0,0,1,0,0
R178,25–34,Male,Indian resident,Other Indian state,1,Metro city,Undergraduate,Employed,Prefer not to say,Stable,Yes,Less than 2 years,200 - 500 Km,Not familiar at all,Somewhat positive,"Yes, definitely",Aware to some extent,Not likely,Unlikely,30 minutes - 1 hour,Yes,0,0,0,1,0,0,1,0,1,0,0,0,0,1,1,0,0,0,0,0,0,1,0,1,1,0,0,0,0,0,1,0,0,1,0,0,0,0,1,1,0
R179,45–54,Male,Foreign national,Gulf,0,Semi-urban,Undergraduate,Employed,>5L,Stable,Yes,Less than 2 years,200 - 500 Km,Very familiar,Somewhat positive,Maybe - depends on infrastructure,Aware to some extent,Not likely,Not sure,Less than 30 minutes,Depends on how much extra,1,0,0,0,0,0,1,0,1,1,1,0,0,1,1,1,0,0,0,0,1,1,1,1,1,0,1,0,0,1,0,1,1,0,1,0,1,1,1,1,0
R180,35–44,Male,NRI,Gulf,0,Metro city,Postgraduate or doctoral,Employed,>5L,Comfortable,Yes,More than 10 years,500 - 1000 Km,Heard of them,Somewhat positive,"Yes, definitely","No, not aware",Somewhat likely,Not sure,Less than 30 minutes,Yes,1,0,0,0,0,0,1,0,0,0,0,0,0,1,1,1,1,1,1,0,0,1,0,0,0,0,0,0,0,1,0,1,1,0,0,0,1,0,0,0,0
R181,55+,Male,Indian resident,Kerala,1,Urban (non-metro city or town),Undergraduate,Not working,Prefer not to say,Stable,Yes,More than 10 years,above 1000km,Very familiar,Somewhat positive,Maybe - depends on infrastructure,Aware to some extent,Not sure,Somewhat likely,1- 2 hours,Yes,0,1,0,1,0,0,1,0,1,1,0,0,0,1,1,1,0,0,0,0,1,0,1,0,1,0,0,0,0,1,0,0,1,0,0,0,1,0,1,1,0
R182,45–54,Male,Indian resident,Kerala,1,Urban (non-metro city or town),Undergraduate,Employed,>5L,Stable,Yes,Less than 2 years,500 - 1000 Km,Very familiar,Very positive,"Yes, definitely","Yes, well aware",Very likely,Very likely,Less than 30 minutes,Yes,0,0,1,0,0,0,0,0,1,0,0,0,0,1,0,0,0,0,0,0,0,1,0,0,0,0,0,0,0,0,0,0,0,1,0,0,1,0,0,0,0
R183,35–44,Male,NRI,Gulf,0,Metro city,Undergraduate,Employed,50k–1L,Managing,Yes,2 - 5 years,500 - 1000 Km,Very familiar,Very positive,"Yes, definitely","Yes, well aware",Very likely,Very likely,Less than 30 minutes,No,1,0,0,0,0,0,0,0,0,1,1,0,1,1,1,0,0,0,0,0,1,0,0,1,0,0,1,0,0,0,1,0,0,1,0,0,0,0,0,0,1
R184,18–24,Male,Indian resident,Suppressed,1,Semi-urban,School or diploma,Suppressed,<20k,Struggling,No,not applicable,not applicable,Very familiar,Somewhat positive,"Yes, definitely","No, not aware",Somewhat likely,Not sure,Less than 30 minutes,Yes,0,0,0,0,0,0,1,0,0,0,0,0,0,1,0,0,0,1,0,0,1,1,1,1,1,1,0,0,0,1,0,1,1,0,0,0,1,0,0,0,0
R185,25–34,Male,Indian resident,Other Indian state,1,Semi-urban,Undergraduate,Employed,50k–1L,Comfortable,Yes,2 - 5 years,above 1000km,Not familiar at all,Very negative,"No- not suitable due to roads, power supply, etc.",Aware to some extent,Not likely,Not sure,Less than 30 minutes,No,0,1,0,1,0,0,0,1,0,0,0,0,0,0,0,0,0,0,0,0,0,1,0,0,0,0,0,0,0,0,1,0,0,0,0,0,0,1,0,0,0
R186,25–34,Male,Indian resident,Other Indian state,1,Metro city,Undergraduate,Employed,50k–1L,Managing,Yes,2 - 5 years,200 - 500 Km,Very familiar,Somewhat positive,"Yes, definitely",Aware to some extent,Somewhat likely,Somewhat likely,30 minutes - 1 hour,Depends on how much extra,0,0,0,1,0,0,1,1,0,1,0,0,0,1,0,0,1,1,1,0,1,1,0,1,0,1,0,0,0,0,0,0,0,0,0,0,1,1,0,0,0
R187,Suppressed,Male,Indian resident,Suppressed,1,Urban (non-metro city or town),School or diploma,Suppressed,<20k,Comfortable,No,not applicable,not applicable,Very familiar,Very positive,"Yes, definitely","Yes, well aware",Not likely,Definitely not,1- 2 hours,Depends on how much extra,0,0,0,0,0,0,0,0,0,1,0,0,0,0,0,0,0,0,0,1,0,0,0,0,0,0,0,0,1,0,1,0,0,0,0,0,0,0,0,0,1
R188,18–24,Female,Indian resident,Tamil Nadu,1,Rural,Undergraduate,Employed,>5L,Managing,No,More than 10 years,Less than 200 Km,Somewhat familiar,Somewhat positive,"No- not suitable due to roads, power supply, etc.","No, not aware",Not likely,Unlikely,Less than 30 minutes,Not sure,0,0,0,0,0,0,1,0,1,0,0,0,0,1,1,1,0,0,1,0,0,0,1,0,0,0,1,0,0,1,1,1,0,1,0,0,1,1,0,1,0
R189,18–24,Female,Indian resident,Other Indian state,1,Urban (non-metro city or town),Undergraduate,Suppressed,Prefer not to say,Comfortable,No,not applicable,not applicable,Not familiar at all,Neutral,"No- not suitable due to roads, power supply, etc.","No, not aware",Not sure,Not sure,Less than 30 minutes,Depends on how much extra,0,0,0,0,0,0,1,0,0,0,0,0,0,0,0,0,0,0,1,0,0,1,0,1,0,0,1,1,0,0,0,1,0,0,0,0,1,1,0,0,0
R190,Suppressed,Female,NRI,Suppressed,0,Urban (non-metro city or town),Postgraduate or doctoral,Suppressed,<20k,Managing,No,not applicable,not applicable,Somewhat familiar,Very positive,"Yes, definitely","No, not aware",Somewhat likely,Somewhat likely,Less than 30 minutes,No,0,0,0,0,0,0,0,0,0,1,0,0,0,1,1,0,0,1,0,0,0,1,1,0,1,0,0,0,0,0,1,0,0,0,0,0,1,0,0,0,0
R191,18–24,Female,Indian resident,Other Indian state,1,Metro city,Undergraduate,Suppressed,Prefer not to say,Struggling,No,not applicable,not applicable,Very familiar,Somewhat positive,Not sure,"Yes, well aware",Somewhat likely,Very likely,Less than 30 minutes,No,0,0,0,0,0,0,0,1,0,0,0,0,0,1,0,0,0,0,0,0,0,0,0,0,1,0,0,0,0,0,0,0,1,0,0,0,0,0,0,0,1
R192,25–34,Female,Indian resident,Tamil Nadu,1,Semi-urban,Undergraduate,Employed,50k–1L,Managing,No,not applicable,not applicable,Heard of them,Somewhat positive,"Yes, definitely","No, not aware",Somewhat likely,Somewhat likely,Less than 30 minutes,Depends on how much extra,0,0,0,0,0,0,0,1,0,0,0,0,0,1,0,0,0,0,0,0,1,1,1,1,1,1,0,1,0,1,0,1,0,0,0,0,1,1,1,1,1
R193,55+,Female,Indian resident,Kerala,1,Urban (non-metro city or town),Undergraduate,Homemaker,20k–50k,Comfortable,Yes,More than 10 years,Less than 200 Km,Somewhat familiar,Very positive,"Yes, definitely",Aware to some extent,Somewhat likely,Not sure,Less than 30 minutes,Depends on how much extra,1,0,0,0,0,0,0,0,1,0,0,0,0,0,1,1,0,0,0,0,1,0,0,0,0,0,0,0,0,0,1,0,0,0,0,0,0,0,1,0,0
R194,35–44,Female,Indian resident,Kerala,1,Urban (non-metro city or town),Postgraduate or doctoral,Employed,<20k,Comfortable,Yes,2 - 5 years,Less than 200 Km,Somewhat familiar,Neutral,Not sure,"No, not aware",Not sure,Definitely not,Doesn't matter,Not sure,1,0,0,0,0,0,0,1,0,0,0,0,0,0,0,0,0,0,0,1,0,0,0,0,0,1,0,0,0,0,0,0,0,0,0,1,0,0,0,0,1
R195,25–34,Male,Indian resident,Other Indian state,1,Metro city,Postgraduate or doctoral,Employed,1L–2L,Managing,Yes,5 - 10 years,Less than 200 Km,Very familiar,Somewhat positive,"Yes, definitely",Aware to some extent,Somewhat likely,Somewhat likely,1- 2 hours,Yes,1,0,0,1,0,1,1,0,0,0,0,0,1,1,1,1,1,0,0,0,1,1,1,1,1,0,0,0,0,0,1,0,1,1,1,0,0,0,0,0,1
R196,35–44,Male,Indian resident,Gulf,0,Metro city,Postgraduate or doctoral,Employed,Prefer not to say,Managing,Yes,2 - 5 years,Less than 200 Km,Heard of them,Neutral,Not sure,"No, not aware",Somewhat likely,Not sure,Less than 30 minutes,No,1,0,0,0,0,0,1,0,0,0,0,0,0,1,1,0,0,0,0,1,1,0,0,1,1,0,0,0,0,0,1,0,0,0,0,0,1,1,1,1,0
R197,35–44,Male,NRI,Gulf,0,Metro city,Postgraduate or doctoral,Employed,2L–5L,Stable,Yes,2 - 5 years,500 - 1000 Km,Somewhat familiar,Very positive,"Yes, definitely",Have heard of them but unsure of details,Very likely,Very likely,30 minutes - 1 hour,Yes,1,0,0,0,0,0,1,1,1,1,0,0,0,1,1,1,0,0,0,0,1,1,1,1,1,0,0,0,0,1,1,1,1,0,0,0,1,1,1,1,0
R198,45–54,Male,NRI,Gulf,0,Metro city,Undergraduate,Employed,2L–5L,Stable,Yes,More than 10 years,500 - 1000 Km,Somewhat familiar,Somewhat positive,Maybe - depends on infrastructure,"No, not aware",Not likely,Unlikely,Less than 30 minutes,Depends on how much extra,1,0,0,0,0,0,1,0,1,1,1,0,0,0,1,0,0,0,1,0,1,1,0,0,0,1,1,1,0,1,0,1,0,0,0,0,0,0,0,0,1
R199,18–24,Male,Indian resident,Tamil Nadu,1,Metro city,Undergraduate,Employed,20k–50k,Managing,No,not applicable,Less than 200 Km,Heard of them,Neutral,Maybe - depends on infrastructure,Have heard of them but unsure of details,Not likely,Not sure,30 minutes - 1 hour,Yes,0,0,0,1,0,0,0,1,0,0,0,0,0,1,0,0,0,0,0,0,0,0,0,1,0,0,0,0,0,0,1,0,0,1,1,0,1,0,0,0,0
R200,45–54,Female,NRI,Gulf,0,Metro city,Postgraduate or doctoral,Employed,Prefer not to say,Managing,No,not applicable,not applicable,Heard of them,Neutral,Maybe - depends on infrastructure,"No, not aware",Not sure,Not sure,Doesn't matter,Not sure,0,0,0,0,0,0,0,0,0,1,0,0,0,1,1,1,1,1,1,0,0,1,1,1,0,1,0,1,0,0,0,0,0,0,0,1,0,0,0,0,1
R201,18–24,Male,Indian resident,Other Indian state,1,Metro city,Undergraduate,Employed,20k–50k,Struggling,No,More than 10 years,500 - 1000 Km,Somewhat familiar,Somewhat positive,Maybe - depends on infrastructure,Have heard of them but unsure of details,Somewhat likely,Somewhat likely,30 minutes - 1 hour,Depends on how much extra,0,0,1,1,0,0,0,0,0,0,0,1,0,0,1,1,0,1,0,0,0,0,1,1,1,0,1,0,0,0,1,0,0,1,0,0,1,0,0,0,0
R202,25–34,Female,NRI,Gulf,0,Metro city,Postgraduate or doctoral,Employed,50k–1L,Managing,No,not applicable,not applicable,Heard of them,Very positive,Maybe - depends on infrastructure,Have heard of them but unsure of details,Somewhat likely,Somewhat likely,30 minutes - 1 hour,Yes,0,0,0,0,0,0,1,0,0,0,0,0,0,1,1,0,1,0,0,0,1,0,0,1,0,0,0,0,0,1,0,1,0,0,0,0,0,1,0,0,0
R203,35–44,Female,NRI,Gulf,0,Metro city,Undergraduate,Homemaker,Prefer not to say,Stable,Yes,More than 10 years,above 1000km,Somewhat familiar,Very positive,Maybe - depends on infrastructure,"No, not aware",Somewhat likely,Somewhat likely,Less than 30 minutes,No,1,0,0,0,0,0,1,0,0,0,0,0,0,1,1,1,0,0,0,0,1,1,1,0,0,1,0,0,0,0,0,1,1,0,0,0,1,0,0,0,0
R204,25–34,Male,Indian resident,Suppressed,1,Metro city,Undergraduate,Suppressed,50k–1L,Struggling,Yes,2 - 5 years,Less than 200 Km,Heard of them,Neutral,Maybe - depends on infrastructure,"No, not aware",Somewhat likely,Not sure,1- 2 hours,Depends on how much extra,0,0,0,1,0,0,0,1,0,0,0,0,0,0,1,1,0,0,0,0,1,1,1,1,0,0,1,1,0,0,1,0,0,1,0,0,1,0,0,0,0
